Hauptkraftwerk;;;;;;;;Wehr 1;;;;Wehr 2;;;;Wehr 3;;;;Wehr4;;;;;;;;;;;;;
Gesamt Zufluss gemittelt (m3/s);Niv See (m.Å.M.);Durchfluss HKW  (m3/s);Leistung M1 (kW);Leistung M2 (kW);Durchfluss M1;Durchfluss M2;Durchfluss Grundabl.;Niv Wehr 1 (m.Å.M.);Durchfluss Wehr 1  (m3/s);Leistung M1 (kW);Leistung M2 (kW);Niv Wehr 2 (m.Å.M.);Durchfluss Wehr 2  (m3/s);Leistung M1 (kW);Leistung M2 (kW);Niv Wehr 3 (m.Å.M.);Durchfluss Wehr 3  (m3/s);Leistung M1 (kW);Leistung M2 (kW);Niv Wehr 4 (m.Å.M.);Durchfluss Wehr 4  (m3/s);Leistung M1 (kW);Durchfluss Maschine (m3/s);Durchfluss Flachschieber (m3/s);Durchfluss Grundabl. 1 & 2 (m3/s);Pegel H. G. (NullPegel 263,00 m.Å.M);Durchfluss Heiderscheider Grund (m3/s);Gesamt Produktion (kWh);;Strompreis (?/kwh);;Gewinn          (?);Gesamt Gewinn Woche 02-2011
6,959;315,18;0;0;0;0;0;0;276,37;0;0;0;273,64;0,6;0;0;270,99;0,1;0;0;270,12;3,8;127;3,8;0;0;50;3,314;31,75;0,01;32,53;0,474544128;1032,83;18071445,26
6,606;315,18;0;0;0;0;0;0;276,37;0;0;0;273,64;0,6;0;0;270,99;0;0;0;270,1;3,9;134;3,9;0;0;50;3,314;33,5;0,01;32,53;0,474544128;1089,76;
6,436;315,18;0;0;0;0;0;0;276,37;0;0;0;273,64;0,6;0;0;270,98;0;0;0;270,06;3,9;132;3,9;0;0;50;3,314;33;0,01;32,53;0,474544128;1073,49;
6,31;315,18;0;0;0;0;0;0;276,37;0;0;0;273,64;0,6;0;0;270,98;0;0;0;270,04;3,9;130;3,9;0;0;50;3,314;32,5;0,01;32,53;0,474544128;1057,23;
6,117;315,19;0;0;0;0;0;0;276,36;0;0;0;273,64;0,6;0;0;270,98;0;0;0;270,01;3,9;132;3,9;0;0;50;3,314;33;0,01;20,54;0,299635303;677,82;
6,119;315,18;0;0;0;0;0;0;276,35;0;0;0;273,64;0,6;0;0;270,98;0;0;0;269,98;3,9;128;3,9;0;0;50;3,314;32;0,01;20,54;0,299635303;657,28;
6,001;315,19;0;0;0;0;0;0;276,35;0;0;0;273,64;0,6;0;0;270,98;0;0;0;269,95;3,9;128;3,9;0;0;50;3,314;32;0,01;20,54;0,299635303;657,28;
5,883;315,19;0;0;0;0;0;0;276,35;0;0;0;273,64;0,6;0;0;270,98;0;0;0;269,92;3,9;127;3,9;0;0;50;3,314;31,75;0,01;20,54;0,299635303;652,15;
5,765;315,19;0;0;0;0;0;0;276,34;0;0;0;273,64;0,6;0;0;270,98;0;0;0;269,89;3,9;125;3,9;0;0;50;3,314;31,25;0,01;20,54;0,299635303;641,88;
5,647;315,19;0;0;0;0;0;0;276,34;0;0;0;273,64;0,6;0;0;270,98;0;0;0;269,86;3,9;124;3,9;0;0;50;3,314;31;0,01;20,54;0,299635303;636,74;
5,757;315,19;0;0;0;0;0;0;276,34;0;0;0;273,64;0,6;0;0;270,98;0;0;0;269,84;3,9;122;3,9;0;0;50;3,314;30,5;0,01;20,54;0,299635303;626,47;
5,748;315,19;0;0;0;0;0;0;276,34;0;0;0;273,64;0,6;0;0;270,98;0;0;0;269,8;3,9;123;3,9;0;0;50;3,314;30,75;0,01;20,54;0,299635303;631,61;
5,748;315,19;0;0;0;0;0;0;276,34;0;0;0;273,64;0,6;0;0;270,98;0;0;0;269,78;3,9;121;3,9;0;0;50;3,314;30,25;0,01;15,17;0,221298322;458,89;
5,858;315,19;0;0;0;0;0;0;276,34;0;0;0;273,64;0,6;0;0;270,98;0;0;0;269,74;3,9;120;3,9;0;0;50;3,314;30;0,01;15,17;0,221298322;455,1;
5,967;315,19;0;0;0;0;0;0;276,33;0;0;0;273,64;0,6;0;0;270,98;0;0;0;269,72;3,9;119;3,9;0;0;50;3,314;29,75;0,01;15,17;0,221298322;451,31;
5,959;315,2;0;0;0;0;0;0;276,33;0;0;0;273,64;0,6;0;0;270,98;0;0;0;269,69;3,9;117;3,9;0;0;50;3,314;29,25;0,01;15,17;0,221298322;443,72;
5,841;315,2;0;0;0;0;0;0;276,32;0;0;0;273,64;0,6;0;0;270,98;0;0;0;269,66;3,9;115;3,9;0;0;50;3,314;28,75;0,01;12,37;0,180452225;355,64;
5,84;315,2;0;0;0;0;0;0;276,32;0;0;0;273,64;0,6;0;0;270,98;0;0;0;269,63;3,9;115;3,9;0;0;50;3,314;28,75;0,01;12,37;0,180452225;355,64;
5,832;315,2;0;0;0;0;0;0;276,31;0;0;0;273,64;0,6;0;0;270,98;0;0;0;269,6;3,9;115;3,9;0;0;50;3,314;28,75;0,01;12,37;0,180452225;355,64;
5,832;315,2;0;0;0;0;0;0;276,31;0;0;0;273,64;0,6;0;0;270,98;0;0;0;269,57;3,9;112;3,9;0;0;50;3,314;28;0,01;12,37;0,180452225;346,36;
6,195;315,21;0;0;0;0;0;0;276,31;0;0;0;273,64;0,6;0;0;270,98;0;0;0;269,54;3,9;112;3,9;0;0;50;3,314;28;0,01;12,68;0,184974471;355,04;
6,195;315,21;0;0;0;0;0;0;276,31;0;0;0;273,64;0,6;0;0;270,98;0;0;0;269,51;3,9;109;3,9;0;0;50;3,314;27,25;0,01;12,68;0,184974471;345,53;
6,314;315,2;0;0;0;0;0;0;276,3;0;0;0;273,64;0,6;0;0;270,98;0;0;0;269,48;3,9;109;3,9;0;0;50;3,314;27,25;0,01;12,68;0,184974471;345,53;
6,196;315,21;0;0;0;0;0;0;276,3;0;0;0;273,64;0,6;0;0;270,98;0;0;0;269,46;3,9;107;3,9;0;0;50;3,314;26,75;0,01;12,68;0,184974471;339,19;
6,196;315,21;0;0;0;0;0;0;276,3;0;0;0;273,64;0,6;0;0;270,98;0;0;0;269,43;3,9;105;3,9;0;0;50;3,314;26,25;0,01;14,47;0,211086798;379,84;
6,441;315,22;0;0;0;0;0;0;276,3;0;0;0;273,64;0,6;0;0;270,98;0;0;0;269,39;4,5;123;4,5;0;0;50;3,314;30,75;0,01;14,47;0,211086798;444,95;
6,323;315,22;0;0;0;0;0;0;276,3;0;0;0;273,64;0,6;0;0;270,98;0;0;0;269,36;4,4;122;4,4;0;0;52;3,771;30,5;0,01;14,47;0,211086798;441,34;
6,206;315,22;0;0;0;0;0;0;276,29;0;0;0;273,64;0,6;0;0;270,98;0;0;0;269,32;4,4;119;4,4;0;0;51;3,542;29,75;0,01;14,47;0,211086798;430,48;
6,569;315,22;0;0;0;0;0;0;276,29;0;0;0;273,64;0,6;0;0;270,98;0;0;0;269,29;4,4;118;4,4;0;0;51;3,542;29,5;0,01;25,58;0,373158279;754,61;
6,569;315,22;0;0;0;0;0;0;276,29;0;0;0;273,64;0,6;0;0;270,98;0;0;0;269,26;4,4;116;4,4;0;0;51;3,542;29;0,01;25,58;0,373158279;741,82;
6,57;315,22;0;0;0;0;0;0;276,29;0;0;0;273,64;0,6;0;0;270,98;0;0;0;269,23;4,4;114;4,4;0;0;51;3,542;28,5;0,01;25,58;0,373158279;729,03;
6,688;315,22;0;0;0;0;0;0;276,28;0;0;0;273,64;0,6;0;0;270,98;0;0;0;269,19;4,4;112;4,4;0;0;51;3,542;28;0,01;25,58;0,373158279;716,24;
6,806;315,22;0;0;0;0;0;0;276,28;0;0;0;273,64;0,6;0;0;270,98;0;0;0;269,16;4,4;111;4,4;0;0;51;3,542;27,75;0,01;41,32;0,602771699;1146,63;
6,443;315,23;0;0;0;0;0;0;276,28;0;0;0;273,64;0,6;0;0;270,98;0;0;0;269,13;4,4;109;4,4;0;0;51;3,542;27,25;0,01;41,32;0,602771699;1125,97;
6,444;315,23;0;0;0;0;0;0;276,28;0;0;0;273,64;0,6;0;0;270,98;0;0;0;269,09;4,5;108;4,5;0;0;51;3,542;27;0,01;41,32;0,602771699;1115,64;
6,326;315,23;0;0;0;0;0;0;276,27;0;0;0;273,64;0,6;0;0;270,98;0;0;0;269,06;4,5;107;4,4;0;0;51;3,542;26,75;0,01;41,32;0,602771699;1105,31;
6,69;315,24;0;0;0;0;0;0;276,27;0;0;0;273,64;0,6;0;0;270,98;0;0;0;269,03;4,5;105;4,4;0;0;51;3,542;26,25;0,01;51,16;0,746316557;1342,95;
6,69;315,23;0;0;0;0;0;0;276,26;0;0;0;273,64;0,6;0;0;270,98;0;0;0;268,99;4,4;104;4,4;0;0;51;3,542;26;0,01;51,16;0,746316557;1330,16;
6,691;315,24;0;0;0;0;0;0;276,26;0;0;0;273,64;0,6;0;0;270,98;0;0;0;268,96;4,4;102;4,4;0;0;51;3,542;25,5;0,01;51,16;0,746316557;1304,58;
6,809;315,23;0;0;0;0;0;0;276,26;0;0;0;273,64;0,6;0;0;270,98;0;0;0;268,93;4,4;101;4,4;0;0;51;3,542;25,25;0,01;51,16;0,746316557;1291,79;
6,809;315,24;0;0;0;0;0;0;276,26;0;0;130;273,64;0,6;0;0;270,98;0;39;0;268,9;4,4;99;4,4;0;0;51;3,542;67;0,03;51,62;0,753026988;3458,35;
6,626;315,24;14;0;4622;0;14;0;276,31;12,6;107;64;273,64;0,6;0;0;271,05;8,8;141;0;268,87;4,4;102;4,4;0;0;51;3,542;1258,89;0,5;51,62;0,753026988;64984,1;
6,744;315,23;14;0;4619;0;14;0;276,31;11,1;95;62;273,64;0,6;0;0;271,07;16,2;133;0;268,93;4,4;101;4,4;0;0;51;3,542;1252,51;0,5;51,62;0,753026988;64654,76;
6,919;315,23;14;0;4626;0;14;0;276,38;11;98;74;273,64;0,6;0;0;271,07;10,7;126;0;269,03;4,3;105;4,3;0;0;51;3,542;1257,12;0,5;51,62;0,753026988;64892,48;
7,156;315,24;14;0;4616;0;14;0;276,42;12,2;98;89;273,64;0,6;0;0;271,09;11,1;129;0;269,1;4;92;4;0;0;51;3,542;1256,25;0,5;50,83;0,741502553;63855,27;
7,156;315,23;14;0;4599;0;14;0;276,45;12,4;97;91;273,64;0,6;0;0;271,09;12,1;115;0;269,21;3,6;83;3,6;0;0;49;3,084;1246,12;0,5;50,83;0,741502553;63340,52;
7,507;315,23;14;0;4596;0;14;0;276,47;12,8;103;90;273,64;0,6;0;0;271,07;12,8;100;0;269,31;3,5;83;3,4;0;0;48;2,855;1242,85;0,5;50,83;0,741502553;63174,05;
7,857;315,23;14;0;4603;0;14;0;276,47;13,1;105;94;273,64;0,6;0;0;271,06;12,9;82;0;269,41;3,2;80;3,2;0;0;48;2,855;1241,05;0,5;50,83;0,741502553;63082,61;
8,207;315,22;14;0;4603;0;14;0;276,47;13,4;17;29;273,64;0,6;0;0;271,05;12,4;58;0;269,53;3,6;96;3,6;0;0;48;2,855;1200,65;0,48;50,83;0,741502553;61029,07;
8,015;315,22;0;0;0;0;0;0;276,41;0;0;0;273,64;0,6;0;0;271,02;0;0;0;269,65;3,8;111;3,8;0;0;50;3,314;27,75;0,01;50,83;0,741502553;1410,53;
8,132;315,22;0;0;0;0;0;0;276,42;0;0;0;273,64;0,6;0;0;270,98;0;0;0;269,67;4,4;136;4,4;0;0;51;3,542;34;0,01;50,83;0,741502553;1728,22;
7,886;315,22;0;0;0;0;0;0;276,4;0;0;0;273,64;0,6;0;0;270,95;0;0;0;269,64;4,4;134;4,4;0;0;52;3,771;33,5;0,01;50,83;0,741502553;1702,81;
7,722;315,22;0;0;0;0;0;0;276,41;0;0;0;273,64;0,6;0;0;270,95;0;0;0;269,62;4,4;133;4,4;0;0;52;3,771;33,25;0,01;44,29;0,646097739;1472,64;
7,837;315,22;0;0;0;0;0;0;276,4;0;0;0;273,64;0,6;0;0;270,95;0;0;0;269,57;4,4;133;4,4;0;0;52;3,771;33,25;0,01;44,29;0,646097739;1472,64;
7,669;315,23;0;0;0;0;0;0;276,4;0;0;0;273,64;0,6;0;0;270,95;0;0;0;269,54;4,4;127;4,4;0;0;52;3,771;31,75;0,01;44,29;0,646097739;1406,21;
7,562;315,23;0;0;0;0;0;0;276,4;0;0;0;273,64;0,6;0;0;270,96;0;0;0;269,5;4,3;122;4,3;0;0;52;3,771;30,5;0,01;44,29;0,646097739;1350,85;
7,762;315,24;0;0;0;0;0;0;276,39;0;0;0;273,64;0,6;0;0;270,96;0;0;0;269,47;4,4;124;4,3;0;0;52;3,771;31;0,01;38,98;0,568636032;1208,38;
7,424;315,23;0;0;0;0;0;0;276,39;0;0;0;273,64;0,6;0;0;270,95;0;0;0;269,43;4,4;124;4,4;0;0;52;3,771;31;0,01;38,98;0,568636032;1208,38;
7,681;315,24;0;0;0;0;0;0;276,39;0;0;0;273,64;0,6;0;0;270,95;0;0;0;269,4;4,3;117;4,2;0;0;51;3,542;29,25;0,01;38,98;0,568636032;1140,17;
7,346;315,23;0;0;0;0;0;0;276,39;0;0;0;273,64;0,6;0;0;270,95;0,2;0;0;269,37;4,3;115;4,3;0;0;51;3,542;28,75;0,01;38,98;0,568636032;1120,68;
7,012;315,24;0;0;0;0;0;0;276,39;0;0;0;273,64;0,6;0;0;270,94;0,1;0;0;269,33;4,3;114;4,3;0;0;51;3,542;28,5;0,01;33,32;0,486068563;949,62;
6,678;315,24;0;0;0;0;0;0;276,38;0;0;0;273,64;0,6;0;0;270,94;0,1;0;0;269,31;4,2;112;4,2;0;0;51;3,542;28;0,01;33,32;0,486068563;932,96;
6,626;315,24;0;0;0;0;0;0;276,38;0;0;0;273,64;0,6;0;0;270,93;0,1;0;0;269,28;4,4;115;4,4;0;0;51;3,542;28,75;0,01;33,32;0,486068563;957,95;
6,519;315,24;0;0;0;0;0;0;276,37;0;0;0;273,64;0,6;0;0;270,93;0,1;0;0;269,25;4,4;114;4,4;0;0;52;3,771;28,5;0,01;33,32;0,486068563;949,62;
6,519;315,24;0;0;0;0;0;0;276,37;0;0;0;273,64;0,6;0;0;270,93;0;0;0;269,22;4,4;112;4,4;0;0;51;3,542;28;0,01;40,31;0,588037929;1128,68;
6,413;315,24;0;0;0;0;0;0;276,36;0;0;0;273,64;0,6;0;0;270,93;0;0;0;269,18;4,4;110;4,4;0;0;51;3,542;27,5;0,01;40,31;0,588037929;1108,53;
6,307;315,25;0;0;0;0;0;0;276,36;0;0;0;273,64;0,6;0;0;270,93;0;0;0;269,15;4,3;106;4,3;0;0;51;3,542;26,5;0,01;40,31;0,588037929;1068,22;
6,414;315,24;0;0;0;0;0;0;276,36;0;0;0;273,64;0,6;0;0;270,93;0;0;0;269,12;4,3;105;4,3;0;0;51;3,542;26,25;0,01;40,31;0,588037929;1058,14;
6,415;315,25;0;0;0;0;0;0;276,36;0;0;0;273,64;0,6;0;0;270,92;0;0;0;269,09;4,4;105;4,3;0;0;51;3,542;26,25;0,01;51,91;0,757257476;1362,64;
6,052;315,25;0;0;0;0;0;0;276,36;0;0;0;273,64;0,6;0;0;270,92;0;0;0;269,05;4,4;104;4,3;0;0;51;3,542;26;0,01;51,91;0,757257476;1349,66;
6,052;315,25;0;0;0;0;0;0;276,36;0;0;0;273,64;0,6;0;0;270,92;0;0;0;269,03;4,4;103;4,3;0;0;51;3,542;25,75;0,01;51,91;0,757257476;1336,68;
5,689;315,25;0;0;0;0;0;0;276,35;0;0;0;273,64;0,6;0;0;270,92;0;0;0;268,99;4,3;100;4,3;0;0;51;3,542;25;0,01;51,91;0,757257476;1297,75;
5,577;315,26;0;0;0;0;0;0;276,35;0;77;73;273,64;0,6;0;0;270,92;0;54;0;268,96;4,3;97;4,3;0;0;51;3,542;75,34;0,03;62,07;0,90547046;4676,18;
5,804;315,26;13,8;0;4590;0;13,8;0;276,35;11,2;99;63;273,64;0,6;0;0;271,04;13;122;0;268,94;3,8;84;3,8;0;0;49;3,084;1239,36;0,5;62,07;0,90547046;76926,78;
5,802;315,25;13,8;0;4570;0;13,8;0;276,39;11,1;102;77;273,64;0,6;0;0;271,04;9,8;122;0;269,02;3,9;89;3,9;0;0;49;3,084;1239,84;0,5;62,07;0,90547046;76957,1;
5,871;315,25;13,8;0;4560;0;13,8;0;276,43;12,2;97;88;273,64;0,6;0;0;271,05;11,6;124;0;269,09;3,7;84;3,7;0;0;49;3,084;1238,29;0,5;62,07;0,90547046;76860,93;
6,224;315,25;13,8;0;4557;0;13,8;0;276,45;12,5;97;91;273,64;0,6;0;0;271,04;12,3;111;0;269,17;3,5;81;3,5;0;0;49;3,084;1234,26;0,49;62;0,904449307;76524,05;
6,146;315,24;13,8;0;4567;0;13,8;0;276,47;12,6;102;92;273,64;0,6;0;0;271,05;12,7;96;0;269,31;3,4;79;3,3;0;0;48;2,855;1234,04;0,49;62;0,904449307;76510,76;
6,118;315,24;13,8;0;4554;0;13,8;0;276,47;13;102;97;273,64;0,6;0;0;271,06;11,5;85;0;269,39;3,2;78;3,2;0;0;48;2,855;1229,03;0,49;62;0,904449307;76199,66;
6,093;315,24;13,8;0;4560;0;13,8;0;276,47;13,4;106;96;273,64;0,6;0;0;271,07;11,3;69;0;269,53;3;78;3;0;0;48;2,855;1227,19;0,49;62;0,904449307;76085,81;
6,324;315,24;13,8;0;4554;0;13,8;0;276,46;13,6;106;96;273,64;0,6;0;0;271,07;10,9;50;0;269,62;2,9;74;2,9;0;0;48;2,855;1219,94;0,49;57,93;0,845076586;70671,38;
6,3;315,23;13,8;0;4570;0;13,8;0;276,46;13,4;105;96;273,64;0,6;0;0;271,04;11,3;15;0;269,76;2,7;64;2,6;0;0;45;2,168;1212,55;0,49;57,93;0,845076586;70243,1;
6,28;315,23;13,8;0;4563;0;13,8;0;276,45;13,3;103;97;273,64;0,6;0;0;271,07;11,2;0;0;269,85;2,8;75;2,8;0;0;45;2,168;1209,54;0,48;57,93;0,845076586;70068,54;
6,623;315,23;13,8;0;4573;0;13,8;0;276,45;13,3;102;99;273,64;0,6;0;0;271,1;12;0;0;269,97;2,8;75;2,8;0;0;45;2,168;1212,19;0,48;57,93;0,845076586;70222,4;
6,966;315,23;13,8;0;4554;0;13,8;0;276,45;13,2;17;18;273,64;0,6;0;0;271,11;12,4;0;0;270,05;2,8;80;2,8;0;0;46;2,398;1167,16;0,47;48,09;0,701531729;56128,95;
6,971;315,23;0;0;0;0;0;0;276,4;0;0;0;273,64;0,6;0;0;271,06;0,8;0;0;270,17;3,1;99;3,1;0;0;47;2,627;24,75;0,01;48,09;0,701531729;1190,23;
6,859;315,23;0;0;0;0;0;0;276,42;0;0;0;273,64;0,6;0;0;271,03;0;0;0;270,17;3,4;111;3,4;0;0;49;3,084;27,75;0,01;48,09;0,701531729;1334,5;
7,033;315,23;0;0;0;0;0;0;276,39;0;0;0;273,64;0,6;0;0;271,02;0;0;0;270,16;3,8;128;3,8;0;0;50;3,314;32;0,01;48,09;0,701531729;1538,88;
6,865;315,23;0;0;0;0;0;0;276,41;0;0;0;273,64;0,6;0;0;271,03;0;0;0;270,12;3,8;127;3,8;0;0;50;3,314;31,75;0,01;55,49;0,80948213;1761,81;
6,718;315,24;0;0;0;0;0;0;276,39;0;0;0;273,64;0,6;0;0;271,03;0;0;0;270,09;3,8;124;3,7;0;0;50;3,314;31;0,01;55,49;0,80948213;1720,19;
6,581;315,24;0;0;0;0;0;0;276,39;0;0;0;273,64;0,6;0;0;271,03;0;0;0;270,07;3,8;128;3,8;0;0;50;3,314;32;0,01;55,49;0,80948213;1775,68;
6,626;315,24;0;0;0;0;0;0;276,39;0;0;0;273,64;0,6;0;0;271,03;0,2;0;0;270,03;3,9;131;3,9;0;0;50;3,314;32,75;0,01;55,49;0,80948213;1817,3;
6,668;315,24;0;0;0;0;0;0;276,39;0;0;0;273,64;0,6;0;0;271,02;0,2;0;0;270,01;3,9;130;3,9;0;0;50;3,314;32,5;0,01;48,93;0,713785558;1590,23;
6,357;315,24;0;0;0;0;0;0;276,38;0;0;0;273,64;0,6;0;0;271,01;0,1;0;0;269,98;4;131;4;0;0;50;3,314;32,75;0,01;48,93;0,713785558;1602,46;
6,398;315,24;0;0;0;0;0;0;276,38;0;0;0;273,64;0,6;0;0;271,01;0,1;0;0;269,96;4;133;4;0;0;50;3,314;33,25;0,01;48,93;0,713785558;1626,92;
6,52;315,24;0;0;0;0;0;0;276,38;0;0;0;273,64;0,6;0;0;271;0,1;0;0;269,92;4;129;4;0;0;50;3,314;32,25;0,01;48,93;0,713785558;1577,99;
6,286;315,24;0;0;0;0;0;0;276,37;0;0;0;273,64;0,6;0;0;271;0;0;0;269,9;4,1;131;4,1;0;0;50;3,314;32,75;0,01;42,46;0,619401896;1390,57;
6,051;315,24;0;0;0;0;0;0;276,37;0;0;0;273,64;0,6;0;0;271;0;0;0;269,86;3,9;125;3,9;0;0;50;3,314;31,25;0,01;42,46;0,619401896;1326,88;
5,99;315,24;0;0;0;0;0;0;276,37;0;0;0;273,64;0,6;0;0;271;0;0;0;269,84;4;127;4;0;0;50;3,314;31,75;0,01;42,46;0,619401896;1348,11;
6,018;315,25;0;0;0;0;0;0;276,36;0;0;0;273,64;0,6;0;0;270,99;0;0;0;269,81;4,1;128;4,1;0;0;50;3,314;32;0,01;42,46;0,619401896;1358,72;
5,863;315,25;0;0;0;0;0;0;276,36;0;0;0;273,64;0,6;0;0;270,99;0;0;0;269,78;4,1;126;4,1;0;0;50;3,314;31,5;0,01;31,38;0,457768053;988,47;
5,88;315,25;0;0;0;0;0;0;276,36;0;0;0;273,64;0,6;0;0;270,99;0;0;0;269,75;4,1;126;4,1;0;0;50;3,314;31,5;0,01;31,38;0,457768053;988,47;
5,708;315,25;0;0;0;0;0;0;276,35;0;0;0;273,64;0,6;0;0;270,99;0;0;0;269,72;4,2;128;4,2;0;0;50;3,314;32;0,01;31,38;0,457768053;1004,16;
5,708;315,25;0;0;0;0;0;0;276,35;0;0;0;273,64;0,6;0;0;270,99;0;0;0;269,68;4,2;127;4,2;0;0;51;3,542;31,75;0,01;31,38;0,457768053;996,32;
5,708;315,25;0;0;0;0;0;0;276,35;0;0;0;273,64;0,6;0;0;270,99;0;0;0;269,66;4,2;126;4,2;0;0;51;3,542;31,5;0,01;22,89;0,333916849;721,04;
5,708;315,26;0;0;0;0;0;0;276,34;0;0;0;273,64;0,6;0;0;270,99;0;0;0;269,62;4,2;123;4,2;0;0;51;3,542;30,75;0,01;22,89;0,333916849;703,87;
5,709;315,26;0;0;0;0;0;0;276,33;0;0;0;273,64;0,6;0;0;271;0;0;0;269,6;4,2;121;4,2;0;0;51;3,542;30,25;0,01;22,89;0,333916849;692,42;
5,709;315,26;0;0;0;0;0;0;276,33;0;0;0;273,64;0,6;0;0;271;0;0;0;269,56;4,2;121;4,2;0;0;51;3,542;30,25;0,01;22,89;0,333916849;692,42;
5,989;315,27;0;0;0;0;0;0;276,33;0;0;0;273,64;0,6;0;0;271;0;0;0;269,53;4,3;122;4,3;0;0;51;3,542;30,5;0,01;19,18;0,27979577;584,99;
5,905;315,26;0;0;0;0;0;0;276,32;0;0;0;273,64;0,6;0;0;271;0;0;0;269,49;4,2;120;4,2;0;0;51;3,542;30;0,01;19,18;0,27979577;575,4;
5,821;315,26;0;0;0;0;0;0;276,32;0;0;0;273,64;0,6;0;0;271;0;0;0;269,47;4,1;116;4,1;0;0;51;3,542;29;0,01;19,18;0,27979577;556,22;
5,821;315,26;0;0;0;0;0;0;276,32;0;0;0;273,64;0,6;0;0;271;0;0;0;269,43;4,2;115;4,2;0;0;51;3,542;28,75;0,01;19,18;0,27979577;551,43;
5,821;315,27;0;0;0;0;0;0;276,31;0;0;0;273,64;0,6;0;0;271;0;0;0;269,4;4,2;114;4,2;0;0;51;3,542;28,5;0,01;19,19;0,279941648;546,92;
5,905;315,26;0;0;0;0;0;0;276,31;0;0;0;273,64;0,6;0;0;271;0;0;0;269,37;4,2;115;4,2;0;0;51;3,542;28,75;0,01;19,19;0,279941648;551,71;
5,99;315,27;0;0;0;0;0;0;276,31;0;0;0;273,64;0,6;0;0;271;0;0;0;269,33;4,2;113;4,2;0;0;51;3,542;28,25;0,01;19,19;0,279941648;542,12;
5,99;315,27;0;0;0;0;0;0;276,3;0;0;0;273,64;0,6;0;0;271;0;0;0;269,3;4,2;111;4,2;0;0;51;3,542;27,75;0,01;19,19;0,279941648;532,52;
6,354;315,28;0;0;0;0;0;0;276,3;0;0;0;273,64;0,6;0;0;271;0,1;0;0;269,27;4,2;110;4,2;0;0;51;3,542;27,5;0,01;19,16;0,279504012;526,9;
6,355;315,27;0;0;0;0;0;0;276,3;0;0;0;273,64;0,6;0;0;271;0,1;0;0;269,24;4,2;108;4,2;0;0;51;3,542;27;0,01;19,16;0,279504012;517,32;
6,355;315,28;0;0;0;0;0;0;276,3;0;0;0;273,64;0,6;0;0;271;0,1;0;0;269,22;4,3;109;4,3;0;0;51;3,542;27,25;0,01;19,16;0,279504012;522,11;
6,355;315,27;0;0;0;0;0;0;276,3;0;0;0;273,64;0,6;0;0;271;0;0;0;269,18;4,3;108;4,3;0;0;51;3,542;27;0,01;19,16;0,279504012;517,32;
6,356;315,28;0;0;0;0;0;0;276,3;0;0;0;273,64;0,6;0;0;270,99;0;0;0;269,15;4,3;107;4,3;0;0;51;3,542;26,75;0,01;15,89;0,231801605;425,06;
5,992;315,28;0;0;0;0;0;0;276,29;0;0;0;273,64;0,6;0;0;270,99;0;0;0;269,12;4,3;105;4,3;0;0;51;3,542;26,25;0,01;15,89;0,231801605;417,11;
6,076;315,28;0;0;0;0;0;0;276,29;0;0;0;273,64;0,6;0;0;270,99;0;0;0;269,09;4,3;102;4,2;0;0;51;3,542;25,5;0,01;15,89;0,231801605;405,2;
6,076;315,28;0;0;0;0;0;0;276,29;0;0;0;273,64;0,6;0;0;270,98;0,2;0;0;269,05;4,2;100;4,2;0;0;51;3,542;25;0,01;15,89;0,231801605;397,25;
6,076;315,28;0;0;0;0;0;0;276,28;0;0;0;273,64;0,6;0;0;270,97;0,1;0;0;269,02;4,3;100;4,3;0;0;51;3,542;25;0,01;16,88;0,246243618;422;
6,077;315,28;0;0;0;0;0;0;276,28;0;0;0;273,64;0,6;0;0;270,96;0,1;0;0;268,99;4,3;100;4,3;0;0;51;3,542;25;0,01;16,88;0,246243618;422;
6,077;315,28;0;0;0;0;0;0;276,28;0;0;0;273,64;0,6;0;0;270,96;0,1;0;0;268,96;4,3;99;4,3;0;0;51;3,542;24,75;0,01;16,88;0,246243618;417,78;
6,077;315,28;0;0;0;0;0;0;276,27;0;0;0;273,64;0,6;0;0;270,96;0;0;0;268,93;4,3;97;4,3;0;0;51;3,542;24,25;0,01;16,88;0,246243618;409,34;
6,077;315,29;0;0;0;0;0;0;276,27;0;0;0;273,64;0,6;0;0;270,96;0;0;0;268,9;4,3;96;4,3;0;0;51;3,542;24;0,01;23,24;0,339022611;557,76;
5,713;315,29;0;0;0;0;0;0;276,26;0;0;0;273,64;0,2;0;0;270,96;0;0;0;268,87;4,4;96;4,4;0;0;51;3,542;24;0,01;23,24;0,339022611;557,76;
5,714;315,29;0;0;0;0;0;0;276,26;0;0;0;273,64;0,2;0;0;270,96;0;0;0;268,84;4,4;96;4,4;0;0;51;3,542;24;0,01;23,24;0,339022611;557,76;
6,078;315,3;0;0;0;0;0;0;276,26;0;0;0;273,64;0,2;0;0;270,96;0;0;0;268,8;4,4;95;4,4;0;0;51;3,542;23,75;0,01;23,24;0,339022611;551,95;
6,443;315,3;0;0;0;0;0;0;276,25;0;0;0;273,64;0,2;0;0;270,96;0;0;0;268,77;4,4;94;4,4;0;0;51;3,542;23,5;0,01;42,65;0,622173596;1002,28;
6,808;315,3;0;0;0;0;0;0;276,25;0;0;0;273,64;0,2;0;0;270,96;0;0;0;268,74;4,4;92;4,4;0;0;51;3,542;23;0,01;42,65;0,622173596;980,95;
6,808;315,3;0;0;0;0;0;0;276,25;0;0;0;273,64;0,2;0;0;270,96;0;0;0;268,7;4,4;90;4,4;0;0;51;3,542;22,5;0,01;42,65;0,622173596;959,63;
6,725;315,3;0;0;0;0;0;0;276,24;0;0;0;273,64;0,2;0;0;270,96;0;0;0;268,67;4,4;89;4,4;0;0;51;3,542;22,25;0,01;42,65;0,622173596;948,96;
6,725;315,3;0;0;0;0;0;0;276,24;0;0;133;273,64;0,2;0;0;270,96;0;50;0;268,63;4,4;88;4,4;0;0;51;3,542;67,72;0,03;46,74;0,681838074;3165,04;
6,725;315,3;14;0;4629;0;14;0;276,31;11,9;40;141;273,65;0,2;0;0;271,03;9,5;159;0;268,6;4,1;79;4,1;0;0;49;3,084;1262,12;0,5;46,74;0,681838074;58991,29;
6,809;315,29;14;0;4639;0;14;0;276,33;13,4;93;72;273,65;0,2;0;0;271,06;12,5;153;0;268,63;4;77;4;0;0;49;3,084;1258,48;0,5;46,74;0,681838074;58821,21;
6,899;315,3;14;0;4626;0;14;0;276,35;11,8;95;80;273,65;0,3;0;0;271,06;10,7;144;0;268,76;3,8;75;3,8;0;0;49;3,084;1254,98;0,5;46,74;0,681838074;58657,7;
6,805;315,29;14;0;4619;0;14;0;276,4;11,8;100;86;273,65;0,3;0;0;271,08;12,5;151;0;268,85;3,6;71;3,6;0;0;48;2,855;1256,82;0,5;50,09;0,730707513;62954,32;
6,974;315,29;14;0;4612;0;14;0;276,43;12,5;101;90;273,67;15,1;66;45;271,09;12,5;145;0;268,96;3,5;71;3,4;0;0;48;2,855;1282,36;0,51;50,09;0,730707513;64233,49;
7,322;315,29;14;0;4609;0;14;0;276,46;12,5;103;88;273,66;11,3;80;93;271,08;13;125;0;269,1;3,3;70;3,3;0;0;48;2,855;1291,84;0,52;50,09;0,730707513;64708,5;
5,44;315,29;14;0;4619;0;14;0;276,48;12,9;103;97;273,66;11,5;77;86;271,05;12,9;110;0;269,21;2,9;62;2,9;0;0;48;2,855;1288,48;0,52;50,09;0,730707513;64539,81;
7,438;315,29;14;0;4612;0;14;0;276,48;13,7;18;32;273,65;11,6;75;88;271,05;13;88;0;269,31;3,1;73;3,1;0;0;47;2,627;1246,44;0,5;49,3;0,719183078;61449,49;
7,142;315,29;0;0;0;0;0;0;276,42;0;0;0;273,65;11,8;76;93;271,05;4,4;0;0;269,44;3,4;85;3,3;0;0;47;2,627;63,56;0,03;49,3;0,719183078;3133,68;
7,192;315,29;0;0;0;0;0;0;276,43;0,1;0;0;273,65;12,5;79;96;271,02;0;0;0;269,45;3,7;96;3,6;0;0;49;3,084;67,91;0,03;49,3;0,719183078;3347,72;
7,27;315,29;0;0;0;0;0;0;276,41;0;0;0;273,64;12,8;83;100;270,99;0;0;0;269,44;4,1;111;4,1;0;0;50;3,314;73,4;0,03;49,3;0,719183078;3618,66;
7,163;315,29;0;0;0;0;0;0;276,42;0;0;0;273,64;12,9;85;102;270,98;0;0;0;269,42;4,1;112;4,1;0;0;50;3,314;74,61;0,03;37,98;0,55404814;2833,61;
7,245;315,29;0;0;0;0;0;0;276,41;0;0;0;273,61;2,4;41;45;270,99;0;0;0;269,38;4,1;112;4,1;0;0;50;3,314;49,55;0,02;37,98;0,55404814;1881,85;
7,245;315,29;0;0;0;0;0;0;276,42;0;0;0;273,62;0,1;0;0;270,99;0;0;0;269,35;4,2;112;4,2;0;0;50;3,314;28;0,01;37,98;0,55404814;1063,44;
7,245;315,29;0;0;0;0;0;0;276,42;0;0;0;273,62;0,1;0;0;271;0;0;0;269,32;4,2;109;4,2;0;0;50;3,314;27,25;0,01;37,98;0,55404814;1034,96;
7,156;315,29;0;0;0;0;0;0;276,42;0;0;0;273,62;0,1;0;0;270,99;0;0;0;269,29;4;102;4;0;0;50;3,314;25,5;0,01;21,53;0,314077316;549,02;
7,176;315,3;0;0;0;0;0;0;276,41;0;0;0;273,62;0,1;0;0;270,99;0;0;0;269,26;4,1;104;4,1;0;0;50;3,314;26;0,01;21,53;0,314077316;559,78;
7,02;315,3;0;0;0;0;0;0;276,41;0;0;0;273,62;0,1;0;0;270,99;0;0;0;269,22;4,1;101;4,1;0;0;50;3,314;25,25;0,01;21,53;0,314077316;543,63;
6,689;315,3;0;0;0;0;0;0;276,41;0;0;0;273,62;0,1;0;0;270,99;0;0;0;269,19;4,1;102;4,1;0;0;50;3,314;25,5;0,01;21,53;0,314077316;549,02;
6,689;315,29;0;0;0;0;0;0;276,41;0;0;0;273,62;0,1;0;0;270,99;0,2;0;0;269,17;4,2;104;4,2;0;0;50;3,314;26;0,01;20,14;0,293800146;523,64;
6,617;315,3;0;0;0;0;0;0;276,41;0;0;0;273,63;0,1;0;0;270,98;0,1;0;0;269,13;4,2;102;4,2;0;0;50;3,314;25,5;0,01;20,14;0,293800146;513,57;
6,403;315,3;0;0;0;0;0;0;276,41;0;0;0;273,63;0,1;0;0;270,96;0,1;0;0;269,11;4,3;103;4,3;0;0;50;3,314;25,75;0,01;20,14;0,293800146;518,61;
6,08;315,3;0;0;0;0;0;0;276,41;0;0;0;273,63;0,1;0;0;270,96;0,1;0;0;269,08;4,2;101;4,2;0;0;50;3,314;25,25;0,01;20,14;0,293800146;508,54;
5,934;315,3;0;0;0;0;0;0;276,41;0;0;0;273,63;0,1;0;0;270,96;0,1;0;0;269,04;4,2;99;4,2;0;0;50;3,314;24,75;0,01;22,56;0,329102845;558,36;
5,89;315,31;0;0;0;0;0;0;276,41;0;0;0;273,63;0,1;0;0;270,96;0,1;0;0;269,01;4,3;100;4,3;0;0;50;3,314;25;0,01;22,56;0,329102845;564;
6,182;315,31;0;0;0;0;0;0;276,41;0;0;0;273,63;0,1;0;0;270,95;0;0;0;268,99;4,3;100;4,3;0;0;50;3,314;25;0,01;22,56;0,329102845;564;
6,11;315,31;0;0;0;0;0;0;276,41;0;0;0;273,63;0,1;0;0;270,95;0;0;0;268,95;4,3;98;4,3;0;0;50;3,314;24,5;0,01;22,56;0,329102845;552,72;
6,038;315,31;0;0;0;0;0;0;276,41;0;0;0;273,63;0,1;0;0;270,95;0;0;0;268,92;4,3;97;4,3;0;0;50;3,314;24,25;0,01;44,91;0,655142232;1089,07;
5,965;315,31;0;0;0;0;0;0;276,4;0;0;0;273,63;0,1;0;0;270,95;0;0;0;268,89;4,4;97;4,4;0;0;50;3,314;24,25;0,01;44,91;0,655142232;1089,07;
5,966;315,31;0;0;0;0;0;0;276,4;0;0;0;273,63;0,1;0;0;270,95;0;0;0;268,86;4,4;97;4,4;0;0;50;3,314;24,25;0,01;44,91;0,655142232;1089,07;
6,038;315,31;0;0;0;0;0;0;276,4;0;0;0;273,63;0,1;0;0;270,95;0;0;0;268,82;4,4;96;4,4;0;0;50;3,314;24;0,01;44,91;0,655142232;1077,84;
6,11;315,31;0;0;0;0;0;0;276,4;0;81;82;273,63;0,1;0;0;270,95;0;67;0;268,79;4,4;95;4,4;0;0;50;3,314;81,14;0,03;59,95;0,874544128;4864,38;
6,11;315,31;13,8;0;4554;0;13,8;0;276,39;11,6;101;71;273,63;0,1;0;0;271,1;12,4;145;0;268,76;4,1;84;4,1;0;0;50;3,314;1238,89;0,5;59,95;0,874544128;74271,22;
6,183;315,3;13,8;0;4573;0;13,8;0;276,42;11,7;107;80;273,63;0,1;0;0;271,05;10,8;143;0;268,83;3,8;77;3,8;0;0;49;3,084;1245,19;0,5;59,95;0,874544128;74648,9;
6,349;315,31;13,8;0;4560;0;13,8;0;276,45;12,8;94;89;273,63;0,1;0;0;271,07;12,8;148;0;268,94;3,6;73;3,6;0;0;48;2,855;1241,04;0,5;59,95;0,874544128;74400,49;
6,443;315,31;0;0;0;0;0;0;276,45;12,1;0;35;273,63;0,1;0;0;271,06;12,9;101;0;269,03;3;62;3;0;0;48;2,855;49,35;0,02;61,98;0,904157549;3058,93;
6,443;315,3;0;0;0;0;0;0;276,35;0;0;0;273,63;0,1;0;0;271,03;0;0;0;269,17;3,2;72;3,2;0;0;47;2,627;18;0,01;61,98;0,904157549;1115,64;
6,467;315,31;0;0;0;0;0;0;276,34;0;0;27;273,64;0,2;0;0;270,99;0;0;0;269,17;3,2;70;3,2;0;0;47;2,627;24,22;0,01;61,98;0,904157549;1501,31;
6,181;315,3;13,8;0;4576;0;13,8;0;276,36;12,8;100;90;273,64;0,2;0;0;270,96;0;89;0;269,16;3;66;3;0;0;47;2,627;1230,2;0,49;61,98;0,904157549;76247,62;
6,496;315,3;13,8;0;4590;0;13,8;0;276,35;11;90;78;273,64;0,2;0;0;271,01;14;99;0;269,21;2,9;61;2,9;0;0;46;2,398;1229,38;0,49;55,63;0,811524435;68390,36;
6,568;315,3;13,8;0;4560;0;13,8;0;276,4;11,7;98;90;273,64;0,2;0;0;271,02;10,8;99;0;269,29;2,8;56;2,8;0;0;45;2,168;1225,58;0,49;55,63;0,811524435;68179,28;
6,489;315,29;13,8;0;4570;0;13,8;0;276,43;11,9;99;91;273,64;0,2;0;0;271,05;12,3;90;0;269,38;2,6;55;2,6;0;0;45;2,168;1226,12;0,49;55,63;0,811524435;68209,13;
6,56;315,3;13,8;0;4547;0;13,8;0;276,44;12,6;103;91;273,64;0,2;0;0;271,03;10,6;72;0;269,49;2,5;55;2,5;0;0;45;2,168;1216,93;0,49;55,63;0,811524435;67697,62;
6,458;315,29;13,8;0;4567;0;13,8;0;276,46;12,6;102;91;273,64;0,2;0;0;271,01;10,7;57;0;269,58;2,4;55;2,4;0;0;45;2,168;1218,06;0,49;46,47;0,677899344;56603,45;
6,721;315,29;13,8;0;4570;0;13,8;0;276,47;12,9;106;91;273,64;0,2;0;0;271,01;10;43;0;269,72;2,3;53;2,2;0;0;43;1,83;1215,79;0,49;46,47;0,677899344;56497,74;
7,146;315,29;13,8;0;4563;0;13,8;0;276,47;13,1;18;29;273,64;0,2;0;0;271,03;10;19;0;269,81;2,2;52;2,1;0;0;42;1,72;1170,27;0,47;46,47;0,677899344;54382,57;
7,074;315,29;0;0;0;0;0;0;276,42;0;0;0;273,64;0,2;0;0;271,08;1,3;0;0;269,93;2,6;68;2,6;0;0;42;1,72;17;0,01;46,47;0,677899344;789,99;
7,26;315,29;0;0;0;0;0;0;276,42;0;0;0;273,64;0,2;0;0;271,05;0;0;0;269,93;3,1;88;3,1;0;0;47;2,627;22;0,01;49,25;0,718453683;1083,5;
7,168;315,29;0;0;0;0;0;0;276,4;0;0;0;273,64;0,2;0;0;271,03;0;0;0;269,91;3,4;103;3,4;0;0;49;3,084;25,75;0,01;49,25;0,718453683;1268,19;
7,092;315,29;0;0;0;0;0;0;276,41;0;0;0;273,64;0,2;0;0;271,03;0;0;0;269,89;3,5;105;3,5;0;0;49;3,084;26,25;0,01;49,25;0,718453683;1292,81;
6,948;315,3;0;0;0;0;0;0;276,4;0;0;0;273,64;0,2;0;0;271,03;0;0;0;269,86;3,6;109;3,6;0;0;49;3,084;27,25;0,01;49,25;0,718453683;1342,06;
6,948;315,29;0;0;0;0;0;0;276,39;0;0;0;273,64;0,2;0;0;271,03;0;0;0;269,84;3,6;109;3,6;0;0;50;3,314;27,25;0,01;31,34;0,457184537;854,02;
6,854;315,29;0;0;0;0;0;0;276,39;0;0;0;273,64;0,2;0;0;271,03;0;0;0;269,81;3,9;121;3,9;0;0;50;3,314;30,25;0,01;31,34;0,457184537;948,04;
6,803;315,3;0;0;0;0;0;0;276,39;0;0;0;273,64;0,2;0;0;271,03;0;0;0;269,79;3,9;119;3,9;0;0;50;3,314;29,75;0,01;31,34;0,457184537;932,37;
6,752;315,3;0;0;0;0;0;0;276,39;0;0;0;273,64;0,2;0;0;271,03;0;0;0;269,75;4;119;4;0;0;50;3,314;29,75;0,01;31,34;0,457184537;932,37;
6,702;315,3;0;0;0;0;0;0;276,38;0;0;0;273,64;0,2;0;0;271,03;0;0;0;269,73;3,9;116;3,9;0;0;50;3,314;29;0,01;21,55;0,314369074;624,95;
6,802;315,3;0;0;0;0;0;0;276,38;0;0;0;273,64;0,2;0;0;271,03;0;0;0;269,7;4;115;4;0;0;50;3,314;28,75;0,01;21,55;0,314369074;619,56;
6,495;315,3;0;0;0;0;0;0;276,38;0;0;0;273,64;0,2;0;0;271,03;0;0;0;269,67;4;117;4;0;0;50;3,314;29,25;0,01;21,55;0,314369074;630,34;
6,187;315,3;0;0;0;0;0;0;276,38;0;0;0;273,64;0,2;0;0;271,02;0,2;0;0;269,64;4;114;4;0;0;50;3,314;28,5;0,01;21,55;0,314369074;614,18;
6,049;315,31;0;0;0;0;0;0;276,38;0;0;0;273,64;0,2;0;0;271,02;0,1;0;0;269,61;4,1;117;4,1;0;0;50;3,314;29,25;0,01;20,04;0,292341357;586,17;
5,728;315,31;0;0;0;0;0;0;276,38;0;0;0;273,64;0,2;0;0;271,01;0,1;0;0;269,57;4,8;138;4,7;0;0;52;3,771;34,5;0,01;20,04;0,292341357;691,38;
5,728;315,3;0;0;0;0;0;0;276,38;0;0;0;273,64;0,2;0;0;271;0,1;0;0;269,54;5,3;149;5,3;0;0;53;4;37,25;0,01;20,04;0,292341357;746,49;
5,752;315,31;0;0;0;0;0;0;276,38;0;0;0;273,64;0,2;0;0;271;0;0;0;269,5;5,8;165;5,8;0;0;54;4,229;41,25;0,02;20,04;0,292341357;826,65;
5,584;315,31;0;0;0;0;0;0;276,37;0;0;0;273,64;0,2;0;0;271;0;0;0;269,46;5,8;156;5,8;0;0;56;4,687;39;0,02;18,72;0,273085339;730,08;
5,534;315,31;0;0;0;0;0;0;276,37;0;0;0;273,64;0,2;0;0;270,99;0;0;0;269,41;5,9;155;5,8;0;0;56;4,687;38,75;0,02;18,72;0,273085339;725,4;
5,534;315,31;0;0;0;0;0;0;276,37;0;0;0;273,64;0,2;0;0;270,99;0;0;0;269,36;5,8;151;5,8;0;0;55;4,458;37,75;0,02;18,72;0,273085339;706,68;
5,585;315,31;0;0;0;0;0;0;276,36;0;0;0;273,64;0,2;0;0;270,99;0;0;0;269,32;5,9;147;5,8;0;0;55;4,458;36,75;0,01;18,72;0,273085339;687,96;
5,585;315,31;0;0;0;0;0;0;276,36;0;0;0;273,64;0,2;0;0;270,99;0;0;0;269,27;5,8;145;5,8;0;0;55;4,458;36,25;0,01;15,32;0,223486506;555,35;
5,636;315,31;0;0;0;0;0;0;276,36;0;0;0;273,64;0,2;0;0;270,99;0;0;0;269,22;6,5;164;6,5;0;0;57;4,916;41;0,02;15,32;0,223486506;628,12;
5,586;315,32;0;0;0;0;0;0;276,36;0;0;0;273,64;0,2;0;0;270,99;0;0;0;269,17;7;175;7;0;0;60;5,603;43,75;0,02;15,32;0,223486506;670,25;
5,586;315,32;0;0;0;0;0;0;276,36;0;0;0;273,64;0,2;0;0;270,99;0;0;0;269,1;7;178;7;0;0;60;5,603;44,5;0,02;15,32;0,223486506;681,74;
5,586;315,32;0;0;0;0;0;0;276,35;0;0;0;273,64;0,2;0;0;270,99;0;0;0;269,04;6,9;170;6,9;0;0;60;5,603;42,5;0,02;20,05;0,292487236;852,13;
5,587;315,32;0;0;0;0;0;0;276,35;0;0;0;273,64;0,2;0;0;270,99;0;0;0;268,98;6,9;168;6,9;0;0;60;5,603;42;0,02;20,05;0,292487236;842,1;
5,587;315,32;0;0;0;0;0;0;276,35;0;0;0;273,64;0,2;0;0;270,99;0;0;0;268,93;7;169;7;0;0;60;5,603;42,25;0,02;20,05;0,292487236;847,11;
5,537;315,32;0;0;0;0;0;0;276,35;0;0;0;273,64;0,2;0;0;270,99;0;0;0;268,87;7,1;161;7,1;0;0;60;5,603;40,25;0,02;20,05;0,292487236;807,01;
5,587;315,32;0;0;0;0;0;0;276,35;0;0;0;273,64;0,2;0;0;270,99;0;0;0;268,81;7,1;156;7,1;0;0;60;5,603;39;0,02;40,88;0,596353027;1594,32;
5,637;315,32;0;0;0;0;0;0;276,34;0;0;0;273,64;0,2;0;0;270,99;0;0;0;268,73;7,1;154;7,1;0;0;60;5,603;38,5;0,02;40,88;0,596353027;1573,88;
5,687;315,32;0;0;0;0;0;0;276,34;0;0;0;273,64;0,2;0;0;270,99;0;0;0;268,67;7;149;7;0;0;60;5,603;37,25;0,01;40,88;0,596353027;1522,78;
5,687;315,32;0;0;0;0;0;0;276,33;0;0;0;273,64;0,2;0;0;270,99;0;0;0;268,6;6,9;144;6,9;0;0;59;5,374;36;0,01;40,88;0,596353027;1471,68;
5,687;315,32;0;0;0;0;0;0;276,33;0;0;0;273,64;0,2;0;0;270,99;0;0;0;268,54;6,8;143;6,8;0;0;59;5,374;35,75;0,01;60,81;0,887089716;2173,96;
5,737;315,32;0;0;0;0;0;0;276,32;0;0;0;273,64;0,2;0;0;270,99;0;0;0;268,47;6,8;137;6,8;0;0;59;5,374;34,25;0,01;60,81;0,887089716;2082,74;
5,737;315,32;0;0;0;0;0;0;276,32;0;0;0;273,64;0,2;0;0;270,99;0;0;0;268,41;6,8;134;6,8;0;0;58;5,145;33,5;0,01;60,81;0,887089716;2037,14;
5,787;315,32;0;0;0;0;0;0;276,32;0;0;0;273,64;0,2;0;0;270,99;0;0;0;268,34;6,7;130;6,7;0;0;58;5,145;32,5;0,01;60,81;0,887089716;1976,33;
5,837;315,32;0;0;0;0;0;0;276,32;0;0;0;273,64;0,2;0;0;270,99;0;0;0;268,28;6,8;128;6,7;0;0;58;5,145;32;0,01;65,99;0,962654996;2111,68;
5,887;315,32;0;0;0;0;0;0;276,32;0;0;0;273,64;0,2;0;0;270,99;0;0;0;268,22;7,2;128;7,2;0;0;58;5,145;32;0,01;65,99;0,962654996;2111,68;
5,937;315,34;0;0;0;0;0;0;276,31;0;0;0;273,64;0,2;0;0;270,99;0;0;0;268,16;7,9;125;7,2;0;0,8;59;5,374;31,25;0,01;65,99;0,962654996;2062,19;
5,938;315,33;0;0;0;0;0;0;276,31;0;0;0;273,64;0,2;0;0;270,99;0;0;0;268,1;8,7;121;7,1;0;1,6;60;5,603;30,25;0,01;65,99;0,962654996;1996,2;
5,988;315,34;0;0;0;0;0;0;276,31;0;98;45;273,64;0,2;0;0;270,99;0;56;0;268,04;10;117;7,2;0;2,9;65;6,747;78,85;0,03;64,97;0,947775346;5122,72;
6,117;315,33;14;4606;0;14;0;0;276,31;12;90;76;273,64;0,2;0;0;270,99;14,9;191;0;267,96;11,5;108;7,1;0;4,4;69;7,663;1267,74;0,51;64,97;0,947775346;82364,76;
6,426;315,33;14;4580;0;14;0;0;276,35;11,4;88;79;273,64;0,2;0;0;271,04;11,5;179;0;267,94;12,8;113;7,1;0;5,6;71;8,121;1259,8;0,5;64,97;0,947775346;81849,19;
6,426;315,33;14;4567;0;14;0;0;276,4;11,6;98;81;273,64;0,2;0;0;271,06;11,9;185;0;267,93;14,6;111;7,1;0;7,5;75;9,923;1260,43;0,5;64,97;0,947775346;81890,3;
6,363;315,33;13,9;4560;0;13,9;0;0;276,43;12;96;85;273,64;0,2;0;0;271,08;12,4;197;0;267,93;16,1;110;7,1;0;9;79;12,02;1262,09;0,5;62,99;0,91889132;79498,85;
6,363;315,33;13,9;4557;0;13,9;0;0;276,46;11,9;100;85;273,64;0,2;0;0;271,08;13;191;0;267,91;16,1;108;7,1;0;9;79;12,02;1260,11;0,5;62,99;0,91889132;79374,39;
6,656;315,33;13,9;4537;0;13,9;0;0;276,48;12,7;101;93;273,64;0,2;0;0;271,08;12,7;202;0;267,9;16;109;7,1;0;8,9;79;12,02;1260,53;0,5;62,99;0,91889132;79400,8;
6,656;315,33;13,9;4534;0;13,9;0;0;276,48;13,4;108;96;273,64;0,2;0;0;271,08;13,2;200;0;267,89;16;109;7,1;0;8,9;79;12,02;1261,75;0,5;62,99;0,91889132;79477,48;
6,588;315,31;14,4;4688;0;14,4;0;0;276,48;14,2;154;144;273,64;0,2;0;0;271,07;13,8;198;0;267,88;16;107;7,1;0;8,9;79;12,02;1322,86;0,53;62,05;0,905178702;82083,4;
6,71;315,31;28,8;4691;4694;14,4;14,4;0;276,49;28,3;157;143;273,64;0,2;0;0;271,08;28,3;181;0;267,88;16;108;7,1;0;8,9;79;12,02;2493,43;1;62,05;0,905178702;154717,38;
6,657;315,3;28,7;4681;4688;14,3;14,4;0;276,47;28,2;156;141;273,64;0,2;0;0;271,06;29,5;180;0;267,95;15,7;121;7,1;0;8,6;79;12,02;2491,87;1;62,05;0,905178702;154620,69;
6,794;315,3;28,7;4694;4698;14,3;14,4;0;276,46;28,1;154;140;273,64;0,2;0;0;271,05;27,9;180;0;268,17;16,4;131;7,2;0;9,2;81;13,068;2499,45;1;62,05;0,905178702;155090,95;
6,806;315,29;28,7;4675;4671;14,4;14,3;0;276,45;28,1;154;139;273,64;0,2;0;0;271,07;27,6;178;0;268,35;16,8;144;7,1;0;9,6;82;13,592;2490,12;1;60;0,875273523;149407,31;
6,958;315,29;28,7;4671;4681;14,3;14,4;0;276,45;28;153;138;273,64;0,2;0;0;271,08;27,9;172;0;268,53;15,8;155;7,1;0;8,7;82;13,592;2492,41;1;60;0,875273523;149544,87;
6,828;315,27;28,7;4681;4688;14,3;14,4;0;276,44;27,8;152;138;273,64;0,2;0;0;271,08;27,7;161;0;268,69;15,6;161;7,1;0;8,5;81;13,068;2495,42;1;60;0,875273523;149725,28;
6,49;315,26;28,7;4694;4691;14,4;14,3;0;276,43;28;152;141;273,64;0,2;0;0;271,08;27,4;148;0;268,92;15;174;7,1;0;7,9;81;13,068;2499,74;1;60;0,875273523;149984,44;
6,49;315,26;28,7;4658;4691;14,3;14,4;0;276,43;27,8;153;142;273,64;0,2;0;0;271,08;26,8;131;0;269,09;14,4;185;7,1;0;7,2;80;12,543;2489,93;1;57,96;0,845514223;144316,09;
6,526;315,25;28,7;4675;4675;14,4;14,4;0;276,43;27,8;154;143;273,64;0,2;0;0;271,09;27,2;112;0;269,26;13,8;200;7,1;0;6,6;78;11,495;2489,8;1;57,96;0,845514223;144309;
6,498;315,24;28,7;4671;4678;14,3;14,4;0;276,44;27,5;156;145;273,64;0,2;0;0;271,09;27,3;91;0;269,41;13,1;208;7,1;0;5,9;77;10,97;2487,4;1;57,96;0,845514223;144169,43;
6,178;315,24;28,7;4675;4671;14,4;14,3;0;276,45;27,7;157;147;273,64;0,2;0;0;271,08;25,7;68;0;269,58;12,4;224;7,1;0;5,3;76;10,446;2485,31;0,99;57,96;0,845514223;144048,33;
6,178;315,23;28,7;4671;4662;14,4;14,3;0;276,45;28;158;148;273,64;0,2;0;0;271,06;25,4;44;0;269,73;11,5;234;7,1;0;4,4;76;10,446;2479,22;0,99;53,48;0,780160467;132588,67;
6,246;315,23;28,7;4675;4665;14,4;14,3;0;276,47;28;158;149;273,64;0,2;0;0;271,06;25,4;0;0;269,91;11,2;245;7,2;0;4;74;9,398;2472,99;0,99;53,48;0,780160467;132255,4;
6,1;315,21;28,7;4655;4671;14,3;14,4;0;276,47;28;159;149;273,64;0,3;0;0;271,07;26,3;0;0;270,05;10,8;258;7,2;0;3,6;73;8,873;2472,93;0,99;53,48;0,780160467;132252,19;
6,119;315,2;27,9;4560;4550;14;13,9;0;276,47;27,6;158;148;273,64;0,3;0;0;271,07;26,5;0;0;270,23;9,7;268;7,2;0;2,5;73;8,873;2421,16;0,97;53,48;0,780160467;129483,52;
5,982;315,2;27,9;4527;4550;13,9;14;0;276,46;27,4;35;32;273,64;0,3;0;0;271,06;26,4;0;0;270,37;9,8;276;7,2;0;2,5;70;7,892;2354,98;0,94;48,6;0,708971554;114452,16;
5,972;315,2;0;0;0;0;0;0;276,35;0;0;0;273,64;0,3;0;0;271,04;3,5;0;0;270,54;9,3;293;7,2;0;2,1;70;7,892;73,25;0,03;48,6;0,708971554;3559,95;
5,767;315,2;0;0;0;0;0;0;276,38;0;0;0;273,64;0,3;0;0;270,99;0;0;0;270,51;8,8;283;7,2;0;1,5;67;7,205;70,75;0,03;48,6;0,708971554;3438,45;
5,767;315,2;0;0;0;0;0;0;276,36;0;0;0;273,64;0,3;0;0;270,96;0;0;0;270,46;8,3;282;7,2;0;1;65;6,747;70,5;0,03;48,6;0,708971554;3426,3;
5,734;315,2;0;0;0;0;0;0;276,37;0;0;0;273,64;0,3;0;0;270,96;0;0;0;270,38;7,8;277;7,3;0;0,5;65;6,747;69,25;0,03;46,3;0,675419402;3206,28;
5,677;315,2;0;0;0;0;0;0;276,36;0;0;0;273,64;0,3;0;0;270,97;0;0;0;270,32;7,2;272;7,2;0;0;64;6,518;68;0,03;46,3;0,675419402;3148,4;
5,705;315,2;0;0;0;0;0;0;276,36;0;0;0;273,64;0,3;0;0;270,97;0;0;0;270,27;7;260;7;0;0;64;6,518;65;0,03;46,3;0,675419402;3009,5;
5,732;315,2;0;0;0;0;0;0;276,36;0;0;0;273,64;0,3;0;0;270,97;0;0;0;270,2;6,5;244;6,5;0;0;61;5,831;61;0,02;46,3;0,675419402;2824,3;
5,707;315,21;0;0;0;0;0;0;276,36;0;0;0;273,64;0,3;0;0;270,97;0;0;0;270,17;6,3;228;6,3;0;0;61;5,831;57;0,02;46,64;0,680379285;2658,48;
5,655;315,21;0;0;0;0;0;0;276,35;0;0;0;273,64;0,3;0;0;270,97;0;0;0;270,11;6;212;6;0;0;58;5,145;53;0,02;46,64;0,680379285;2471,92;
5,655;315,2;0;0;0;0;0;0;276,35;0;0;0;273,64;0,3;0;0;270,97;0;0;0;270,06;5,7;195;5,7;0;0;58;5,145;48,75;0,02;46,64;0,680379285;2273,7;
5,627;315,21;0;0;0;0;0;0;276,35;0;0;0;273,65;0,3;0;0;270,97;0;0;0;270,02;5,4;183;5,4;0;0;56;4,687;45,75;0,02;46,64;0,680379285;2133,78;
5,609;315,21;0;0;0;0;0;0;276,35;0;0;0;273,65;0,3;0;0;270,97;0;0;0;269,98;5,1;170;5,1;0;0;55;4,458;42,5;0,02;53,34;0,778118162;2266,95;
5,426;315,21;0;0;0;0;0;0;276,34;0;0;0;273,65;0,3;0;0;270,97;0;0;0;269,94;4,9;165;4,9;0;0;55;4,458;41,25;0,02;53,34;0,778118162;2200,28;
5,606;315,21;0;0;0;0;0;0;276,34;0;0;0;273,65;0,3;0;0;270,97;0;0;0;269,9;4,7;156;4,6;0;0;53;4;39;0,02;53,34;0,778118162;2080,26;
5,659;315,21;0;0;0;0;0;0;276,33;0;0;0;273,65;0,3;0;0;270,97;0;0;0;269,87;4,4;145;4,4;0;0;53;4;36,25;0,01;53,34;0,778118162;1933,58;
5,659;315,22;0;0;0;0;0;0;276,33;0;0;0;273,65;0,3;0;0;270,97;0;0;0;269,83;4,2;135;4,2;0;0;52;3,771;33,75;0,01;61,6;0,89861415;2079;
5,669;315,22;0;0;0;0;0;0;276,33;0;0;0;273,65;0,3;0;0;270,97;0;0;0;269,81;4;122;4;0;0;51;3,542;30,5;0,01;61,6;0,89861415;1878,8;
5,591;315,21;0;0;0;0;0;0;276,33;0;0;0;273,65;0,3;0;0;270,97;0;0;0;269,77;3,8;114;3,8;0;0;51;3,542;28,5;0,01;61,6;0,89861415;1755,6;
5,541;315,22;0;0;0;0;0;0;276,32;0;0;0;273,65;0,3;0;0;270,97;0;0;0;269,75;3,6;103;3,6;0;0;51;3,542;25,75;0,01;61,6;0,89861415;1586,2;
5,624;315,22;0;0;0;0;0;0;276,32;0;0;0;273,65;0,3;0;0;270,97;0;0;0;269,72;3,5;97;3,5;0;0;49;3,084;24,25;0,01;59,44;0,867104303;1441,42;
5,492;315,22;0;0;0;0;0;0;276,32;0;0;0;273,65;0,3;0;0;270,97;0;0;0;269,7;3,3;87;3,3;0;0;49;3,084;21,75;0,01;59,44;0,867104303;1292,82;
5,543;315,22;0;0;0;0;0;0;276,31;0;0;0;273,65;0,3;0;0;270,96;0,2;0;0;269,67;3,1;81;3,1;0;0;48;2,855;20,25;0,01;59,44;0,867104303;1203,66;
5,543;315,22;0;0;0;0;0;0;276,31;0;0;0;273,65;0,3;0;0;270,96;0,2;0;0;269,65;3;75;3;0;0;48;2,855;18,75;0,01;59,44;0,867104303;1114,5;
5,552;315,22;0;0;0;0;0;0;276,31;0;0;0;273,65;0,3;0;0;270,95;0,1;0;0;269,63;3;75;3;0;0;48;2,855;18,75;0,01;51,34;0,748942378;962,63;
5,603;315,22;0;0;0;0;0;0;276,31;0;0;0;273,65;0,3;0;0;270,94;0,1;0;0;269,61;3,1;77;3,1;0;0;48;2,855;19,25;0,01;51,34;0,748942378;988,3;
5,653;315,22;0;0;0;0;0;0;276,31;0;0;0;273,65;0,3;0;0;270,94;0,1;0;0;269,59;3,3;78;3,3;0;0;48;2,855;19,5;0,01;51,34;0,748942378;1001,13;
5,653;315,22;0;0;0;0;0;0;276,3;0;0;0;273,65;0,3;0;0;270,94;0;0;0;269,56;3,4;79;3,3;0;0;48;2,855;19,75;0,01;51,34;0,748942378;1013,97;
5,653;315,22;0;0;0;0;0;0;276,3;0;0;0;273,65;0,3;0;0;270,93;0;0;0;269,54;3,5;83;3,4;0;0;48;2,855;20,75;0,01;45,03;0,656892779;934,37;
5,653;315,22;0;0;0;0;0;0;276,3;0;0;0;273,65;0,3;0;0;270,93;0;0;0;269,51;3,5;83;3,5;0;0;49;3,084;20,75;0,01;45,03;0,656892779;934,37;
5,704;315,22;0;0;0;0;0;0;276,3;0;0;0;273,65;0,3;0;0;270,93;0;0;0;269,49;3,5;84;3,5;0;0;49;3,084;21;0,01;45,03;0,656892779;945,63;
5,704;315,24;0;0;0;0;0;0;276,3;0;0;0;273,65;0,3;0;0;270,93;0;0;0;269,46;3,5;83;3,5;0;0;48;2,855;20,75;0,01;45,03;0,656892779;934,37;
5,754;315,24;0;0;0;0;0;0;276,29;0;0;0;273,65;0,3;0;0;270,93;0;0;0;269,44;3,6;81;3,6;0;0;49;3,084;20,25;0,01;46,53;0,678774617;942,23;
5,804;315,24;0;0;0;0;0;0;276,29;0;0;0;273,65;0,3;0;0;270,93;0;0;0;269,41;3,6;83;3,6;0;0;49;3,084;20,75;0,01;46,53;0,678774617;965,5;
5,813;315,23;0;0;0;0;0;0;276,29;0;0;0;273,65;0,3;0;0;270,93;0;0;0;269,38;3,6;79;3,6;0;0;49;3,084;19,75;0,01;46,53;0,678774617;918,97;
5,813;315,24;0;0;0;0;0;0;276,28;0;0;0;273,65;0,3;0;0;270,93;0;0;0;269,36;3,6;77;3,6;0;0;49;3,084;19,25;0,01;46,53;0,678774617;895,7;
5,813;315,24;0;0;0;0;0;0;276,28;0;0;0;273,65;0,3;0;0;270,93;0;0;0;269,33;3,6;77;3,6;0;0;49;3,084;19,25;0,01;43,02;0,627571116;828,14;
5,854;315,24;0;0;0;0;0;0;276,28;0;0;0;273,65;0,3;0;0;270,93;0;0;0;269,31;3,7;78;3,7;0;0;49;3,084;19,5;0,01;43,02;0,627571116;838,89;
5,854;315,24;0;0;0;0;0;0;276,28;0;0;0;273,65;0,3;0;0;270,93;0;0;0;269,28;3,7;76;3,7;0;0;49;3,084;19;0,01;43,02;0,627571116;817,38;
5,854;315,24;0;0;0;0;0;0;276,27;0;0;0;273,65;0,3;0;0;270,93;0;0;0;269,26;3,8;76;3,7;0;0;49;3,084;19;0,01;43,02;0,627571116;817,38;
5,814;315,24;0;0;0;0;0;0;276,26;0;0;0;273,65;0,3;0;0;270,93;0;0;0;269,23;3,8;77;3,8;0;0;49;3,084;19,25;0,01;41,03;0,598541211;789,83;
5,814;315,24;0;0;0;0;0;0;276,26;0;0;0;273,65;0,3;0;0;270,93;0;0;0;269,21;3,8;74;3,8;0;0;49;3,084;18,5;0,01;41,03;0,598541211;759,06;
5,814;315,24;0;0;0;0;0;0;276,26;0;0;0;273,65;0,3;0;0;270,93;0;0;0;269,18;3,8;71;3,8;0;0;49;3,084;17,75;0,01;41,03;0,598541211;728,28;
5,774;315,25;0;0;0;0;0;0;276,26;0;0;0;273,65;0,3;0;0;270,93;0;0;0;269,15;3,8;68;3,8;0;0;49;3,084;17;0,01;41,03;0,598541211;697,51;
5,733;315,25;0;0;0;0;0;0;276,25;0;0;0;273,65;0,3;0;0;270,93;0;0;0;269,12;3,7;66;3,7;0;0;49;3,084;16,5;0,01;37,56;0,547921225;619,74;
5,693;315,25;0;0;0;0;0;0;276,25;0;0;0;273,65;0,3;0;0;270,93;0;0;0;269,1;3,8;66;3,8;0;0;49;3,084;16,5;0,01;37,56;0,547921225;619,74;
5,653;315,25;0;0;0;0;0;0;276,25;0;0;0;273,65;0,3;0;0;270,93;0;0;0;269,07;3,8;66;3,7;0;0;49;3,084;16,5;0,01;37,56;0,547921225;619,74;
5,653;315,25;0;0;0;0;0;0;276,25;0;0;0;273,65;0,3;0;0;270,93;0;0;0;269,04;3,8;72;3,8;0;0;49;3,084;18;0,01;37,56;0,547921225;676,08;
5,613;315,25;0;0;0;0;0;0;276,25;0;0;0;273,65;0,3;0;0;270,93;0;0;0;269,02;3,8;70;3,8;0;0;49;3,084;17,5;0,01;36,31;0,52968636;635,43;
5,613;315,25;0;0;0;0;0;0;276,24;0;0;0;273,65;0,3;0;0;270,93;0;0;0;268,99;3,8;69;3,8;0;0;49;3,084;17,25;0,01;36,31;0,52968636;626,35;
5,613;315,25;0;0;0;0;0;0;276,24;0;0;0;273,65;0,3;0;0;270,93;0;0;0;268,96;3,8;62;3,8;0;0;49;3,084;15,5;0,01;36,31;0,52968636;562,81;
5,613;315,25;0;0;0;0;0;0;276,24;0;0;0;273,65;0,3;0;0;270,93;0;0;0;268,94;3,8;63;3,8;0;0;49;3,084;15,75;0,01;36,31;0,52968636;571,88;
5,613;315,25;0;0;0;0;0;0;276,24;0;0;0;273,65;0,3;0;0;270,93;0;0;0;268,92;3,8;61;3,8;0;0;48;2,855;15,25;0,01;29,46;0,4297593;449,27;
5,653;315,25;0;0;0;0;0;0;276,23;0;0;0;273,65;0,3;0;0;270,93;0;0;0;268,88;3,8;61;3,8;0;0;48;2,855;15,25;0,01;29,46;0,4297593;449,27;
5,613;315,26;0;0;0;0;0;0;276,23;0;0;0;273,65;0,3;0;0;270,93;0;0;0;268,86;3,9;61;3,9;0;0;48;2,855;15,25;0,01;29,46;0,4297593;449,27;
5,613;315,27;0;0;0;0;0;0;276,22;0;0;0;273,65;0,3;0;0;270,93;0;0;0;268,83;3,9;60;3,9;0;0;49;3,084;15;0,01;29,46;0,4297593;441,9;
5,654;315,27;0;0;0;0;0;0;276,22;0;0;0;273,65;0,3;0;0;270,93;0;0;0;268,8;3,9;60;3,9;0;0;48;2,855;15;0,01;36,63;0,534354486;549,45;
5,694;315,27;0;0;0;0;0;0;276,22;0;0;0;273,65;0,3;0;0;270,93;0;0;0;268,77;3,9;56;3,8;0;0;48;2,855;14;0,01;36,63;0,534354486;512,82;
5,734;315,27;0;0;0;0;0;0;276,22;0;0;0;273,65;0,3;0;0;270,93;0;0;0;268,75;3,9;52;3,8;0;0;48;2,855;13;0,01;36,63;0,534354486;476,19;
5,774;315,27;0;0;0;0;0;0;276,22;0;0;0;273,65;0,3;0;0;270,93;0;0;0;268,71;3,9;51;3,8;0;0;48;2,855;12,75;0,01;36,63;0,534354486;467,03;
5,775;315,27;0;0;0;0;0;0;276,22;0;0;0;273,65;0,3;0;0;270,93;0;0;0;268,69;3,8;49;3,8;0;0;48;2,855;12,25;0;46,99;0,685485047;575,63;
5,815;315,27;0;0;0;0;0;0;276,21;0;0;0;273,65;0,3;0;0;270,93;0;0;0;268,66;4,4;64;4,3;0;0;49;3,084;16;0,01;46,99;0,685485047;751,84;
5,775;315,28;0;0;0;0;0;0;276,21;0;0;0;273,65;0,3;0;0;270,93;0;0;0;268,62;4,9;79;4,9;0;0;50;3,314;19,75;0,01;46,99;0,685485047;928,05;
5,775;315,27;0;0;0;0;0;0;276,21;0;0;0;273,65;0,3;0;0;270,93;0;0;0;268,58;5,6;94;5,6;0;0;53;4;23,5;0,01;46,99;0,685485047;1104,27;
5,736;315,28;0;0;0;0;0;0;276,21;0;0;0;273,65;0,3;0;0;270,93;0;0;0;268,54;6,3;110;6,2;0;0;54;4,229;27,5;0,01;53,28;0,777242888;1465,2;
5,696;315,28;0;0;0;0;0;0;276,21;0;0;0;273,65;0,3;0;0;270,93;0;0;0;268,48;7,2;128;7,1;0;0;57;4,916;32;0,01;53,28;0,777242888;1704,96;
5,656;315,28;0;0;0;0;0;0;276,2;0;0;0;273,65;0,3;0;0;270,93;0;0;0;268,42;7,1;129;7,1;0;0;59;5,374;32,25;0,01;53,28;0,777242888;1718,28;
5,656;315,28;0;0;0;0;0;0;276,2;0;0;0;273,65;0,3;0;0;270,93;0;0;0;268,35;7,2;130;7,1;0;0;59;5,374;32,5;0,01;53,28;0,777242888;1731,6;
5,656;315,28;0;0;0;0;0;0;276,2;0;0;0;273,65;0,3;0;0;270,93;0;0;0;268,29;7,1;126;7,1;0;0;59;5,374;31,5;0,01;61,05;0,89059081;1923,08;
5,617;315,28;0;0;0;0;0;0;276,2;0;0;0;273,65;0,3;0;0;270,93;0;0;0;268,22;7,1;122;7,1;0;0;58;5,145;30,5;0,01;61,05;0,89059081;1862,03;
5,617;315,28;0;0;0;0;0;0;276,2;0;0;0;273,65;0,3;0;0;270,93;0;0;0;268,17;8,1;117;7,1;0;0,9;59;5,374;29,25;0,01;61,05;0,89059081;1785,71;
5,617;315,28;0;0;0;0;0;0;276,19;0;0;0;273,65;0,3;0;0;270,93;0;0;0;268,1;9;112;7,2;0;1,8;62;6,061;28;0,01;61,05;0,89059081;1709,4;
5,617;315,28;0;0;0;0;0;0;276,19;0;56;26;273,65;0,3;0;0;270,93;0;0;0;268,03;10,2;106;7,1;0;3;65;6,747;46,99;0,02;61,28;0,893946025;2879,48;
5,657;315,28;13,9;4586;0;13,9;0;0;276,34;20,1;119;68;273,65;0,3;0;0;270,89;2,1;175;0;267,95;11,9;101;7,1;0;4,8;69;7,663;1262,24;0,5;61,28;0,893946025;77349,84;
5,657;315,27;13,9;4563;0;13,9;0;0;276,29;12,1;91;70;273,65;0,3;0;0;270,98;12,9;156;0;267,9;13,2;99;7,1;0;6,1;72;8,35;1244,64;0,5;61,28;0,893946025;76271,25;
5,827;315,28;13,9;4567;0;13,9;0;0;276,34;11,2;93;73;273,65;0,3;0;0;271,04;10,2;170;0;267,9;15,1;99;7,1;0;7,9;75;9,923;1250,38;0,5;61,28;0,893946025;76623,03;
5,772;315,27;13,9;4563;0;13,9;0;0;276,38;11,4;95;82;273,65;0,3;0;0;271,06;11,4;182;0;267,87;16,1;96;7,1;0;9;79;12,02;1254,35;0,5;61,24;0,893362509;76816,66;
5,812;315,26;13,9;4537;0;13,9;0;0;276,42;11,8;99;89;273,65;0,3;0;0;271,08;13,1;195;0;267,83;16;93;7,1;0;8,9;79;12,02;1253,41;0,5;61,24;0,893362509;76758,68;
5,789;315,26;13,9;4540;0;13,9;0;0;276,44;12,5;99;93;273,65;0,3;0;0;271,07;12,9;200;0;267,81;15,5;94;7,1;0;8,5;79;12,02;1256,44;0,5;61,24;0,893362509;76944,69;
6,129;315,27;13,9;4524;0;13,9;0;0;276,46;12,7;103;94;273,65;0,3;0;0;271,07;13;197;0;267,8;15,5;94;7,1;0;8,4;78;11,495;1252,68;0,5;61,24;0,893362509;76714,19;
6,169;315,26;14,4;4701;0;14,4;0;0;276,47;13,5;154;144;273,65;0,3;0;0;271,06;12,7;194;0;267,8;15,1;96;7,1;0;8,1;78;11,495;1322,39;0,53;60,82;0,887235594;80428,02;
6,169;315,25;28,4;4635;4626;14,2;14,2;0;276,48;28,5;158;145;273,65;0,3;0;0;271,08;27,6;177;0;267,8;15,1;98;7,1;0;8,1;78;11,495;2459,74;0,98;60,82;0,887235594;149601,43;
6,011;315,24;28,4;4645;4635;14,2;14,2;0;276,48;28,1;156;142;273,65;0,3;0;0;271,06;28,9;176;0;267,86;14;109;7,1;0;6,9;77;10,97;2465,93;0,99;60,82;0,887235594;149977,57;
6,011;315,24;28,4;4639;4635;14,2;14,2;0;276,47;28,1;157;142;273,65;0,3;0;0;271,06;27,6;177;0;268,1;14,2;126;7,2;0;7;77;10,97;2468,8;0,99;60,82;0,887235594;150152,35;
6,011;315,23;28,4;4635;4635;14,2;14,2;0;276,45;27,7;157;142;273,65;0,3;0;0;271,06;27,1;175;0;268,31;14,6;139;7,2;0;7,5;77;10,97;2470,84;0,99;60,66;0,884901532;149881,07;
6,172;315,23;28,4;4632;4629;14,2;14,2;0;276,45;27,9;157;141;273,65;0,3;0;0;271,07;26,3;171;0;268,52;14,5;150;7,2;0;7,4;79;12,02;2469,78;0,99;60,66;0,884901532;149816,58;
6,147;315,21;28,4;4635;4635;14,2;14,2;0;276,45;27,4;157;141;273,65;0,3;0;0;271,09;26,7;161;0;268,68;13,7;163;7,1;0;6,6;78;11,495;2472,89;0,99;60,66;0,884901532;150005,46;
6,122;315,2;28,4;4622;4635;14,2;14,2;0;276,45;27,6;157;141;273,65;0,3;0;0;271,1;27,1;144;0;268,92;13,1;169;7,1;0;5,9;77;10,97;2466,97;0,99;60,66;0,884901532;149646,63;
5,995;315,2;28,4;4619;4632;14,2;14,2;0;276,45;27,6;154;138;273,65;0,3;0;0;271,09;27;122;0;269,11;12,8;179;7,1;0;5,7;76;10,446;2461,12;0,98;59,46;0,867396061;146338,07;
6,048;315,2;28,4;4612;4622;14,2;14,2;0;276,43;27,2;155;139;273,65;0,3;0;0;271,07;26,9;101;0;269,29;12,2;202;7,1;0;5,1;76;10,446;2457,93;0,98;59,46;0,867396061;146148,24;
6,048;315,2;28,4;4609;4642;14,1;14,3;0;276,43;27,4;156;139;273,65;0,3;0;0;271,07;26,6;76;0;269,46;11,4;211;7,1;0;4,3;74;9,398;2458,29;0,98;59,46;0,867396061;146169,68;
6,087;315,18;28,4;4658;4622;14,3;14,1;0;276,43;27,2;157;141;273,65;0,3;0;0;271,05;24,4;52;0;269,65;11,1;228;7,1;0;4;74;9,398;2464,44;0,99;59,46;0,867396061;146535,54;
5,793;315,17;28,3;4626;4626;14,2;14,2;0;276,44;27,1;157;142;273,65;0,3;0;0;271,03;24,6;14;0;269,81;10,3;234;7,2;0;3,1;73;8,873;2449,97;0,98;56,23;0,82027717;137761,73;
5,793;315,17;28,3;4603;4626;14,1;14,2;0;276,44;27,1;159;143;273,65;0,3;0;0;271,06;25,5;0;0;269,98;10,1;256;7,2;0;2,9;71;8,121;2446,57;0,98;56,23;0,82027717;137570,5;
5,793;315,17;28,3;4619;4619;14,2;14,2;0;276,45;27,1;160;144;273,65;0,3;0;0;271,06;25,6;0;0;270,14;9,2;264;7,2;0;2;70;7,892;2451,53;0,98;56,23;0,82027717;137849,56;
5,814;315,15;28,3;4622;4622;14,2;14,2;0;276,46;27,1;161;145;273,65;0,3;0;0;271,06;25,8;0;0;270,31;8,7;279;7,2;0;1,5;70;7,892;2457,3;0,98;56,23;0,82027717;138174,26;
5,814;315,14;28,3;4629;4616;14,2;14,1;0;276,46;27,2;34;35;273,65;0,3;0;0;271,1;26,1;0;0;270,46;8,2;284;7,2;0;1;67;7,205;2399,58;0,96;54,53;0,795477753;130849,17;
5,787;315,14;0;0;0;0;0;0;276,36;0;0;0;273,65;0,3;0;0;271,08;4,9;0;0;270,65;8,3;300;7,2;0;1;65;6,747;75;0,03;54,53;0,795477753;4089,75;
5,625;315,15;0;0;0;0;0;0;276,39;0;0;0;273,65;0,3;0;0;271,02;0;0;0;270,64;7,2;296;7,2;0;0;64;6,518;74;0,03;54,53;0,795477753;4035,22;
5,651;315,14;0;0;0;0;0;0;276,36;0;0;0;273,65;0,3;0;0;270,99;0;0;0;270,59;7,1;294;7,1;0;0;64;6,518;73,5;0,03;54,53;0,795477753;4007,96;
5,676;315,15;0;0;0;0;0;0;276,37;0;0;0;273,65;0,3;0;0;270,99;0;0;0;270,52;6,8;275;6,8;0;0;62;6,061;68,75;0,03;52,7;0,768781911;3623,13;
5,646;315,15;0;0;0;0;0;0;276,36;0;0;0;273,65;0,3;0;0;270,99;0;0;0;270,45;6,5;261;6,5;0;0;61;5,831;65,25;0,03;52,7;0,768781911;3438,68;
5,646;315,14;0;0;0;0;0;0;276,36;0;0;0;273,65;0,3;0;0;271;0;0;0;270,42;6,2;240;6,2;0;0;59;5,374;60;0,02;52,7;0,768781911;3162;
5,615;315,15;0;0;0;0;0;0;276,36;0;0;0;273,65;0,3;0;0;271;0;0;0;270,37;5,9;221;5,8;0;0;58;5,145;55,25;0,02;52,7;0,768781911;2911,68;
5,637;315,15;0;0;0;0;0;0;276,36;0;0;0;273,65;0,3;0;0;271;0;0;0;270,32;5,5;207;5,5;0;0;58;5,145;51,75;0,02;56,13;0,818818381;2904,73;
5,607;315,15;0;0;0;0;0;0;276,35;0;0;0;273,65;0,3;0;0;271;0;0;0;270,29;5,3;193;5,3;0;0;56;4,687;48,25;0,02;56,13;0,818818381;2708,27;
5,607;315,15;0;0;0;0;0;0;276,35;0;0;0;273,65;0,3;0;0;271;0;0;0;270,25;5;184;5;0;0;55;4,458;46;0,02;56,13;0,818818381;2581,98;
5,607;315,15;0;0;0;0;0;0;276,35;0;0;0;273,65;0,3;0;0;271;0;0;0;270,21;4,8;173;4,7;0;0;55;4,458;43,25;0,02;56,13;0,818818381;2427,62;
5,632;315,16;0;0;0;0;0;0;276,35;0;0;0;273,65;0,3;0;0;271;0;0;0;270,18;4,5;165;4,5;0;0;53;4;41,25;0,02;62,02;0,904741065;2558,33;
5,601;315,16;0;0;0;0;0;0;276,35;0;0;0;273,65;0,3;0;0;271;0;0;0;270,14;4,3;155;4,3;0;0;53;4;38,75;0,02;62,02;0,904741065;2403,28;
5,628;315,15;0;0;0;0;0;0;276,35;0;0;0;273,65;0,3;0;0;271;0;0;0;270,12;4;140;4;0;0;52;3,771;35;0,01;62,02;0,904741065;2170,7;
5,598;315,16;0;0;0;0;0;0;276,35;0;0;0;273,65;0,3;0;0;271;0;0;0;270,07;4;138;4;0;0;52;3,771;34,5;0,01;62,02;0,904741065;2139,69;
5,567;315,16;0;0;0;0;0;0;276,35;0;0;0;273,65;0,3;0;0;271;0;0;0;270,05;4;137;4;0;0;52;3,771;34,25;0,01;67,99;0,99183078;2328,66;
5,536;315,16;0;0;0;0;0;0;276,35;0;0;0;273,65;0,3;0;0;271;0;0;0;270,01;4;136;4;0;0;52;3,771;34;0,01;67,99;0,99183078;2311,66;
5,566;315,15;0;0;0;0;0;0;276,35;0;0;0;273,65;0,3;0;0;271;0;0;0;269,99;4;134;4;0;0;52;3,771;33,5;0,01;67,99;0,99183078;2277,67;
5,566;315,16;0;0;0;0;0;0;276,34;0;0;0;273,65;0,3;0;0;271;0;0;0;269,96;4;132;4;0;0;51;3,542;33;0,01;67,99;0,99183078;2243,67;
5,566;315,16;0;0;0;0;0;0;276,34;0;0;0;273,65;0,3;0;0;271;0;0;0;269,92;4;130;4;0;0;51;3,542;32,5;0,01;66,92;0,976221736;2174,9;
5,566;315,16;0;0;0;0;0;0;276,34;0;0;0;273,65;0,3;0;0;271;0;0;0;269,9;4;128;4;0;0;51;3,542;32;0,01;66,92;0,976221736;2141,44;
5,597;315,16;0;0;0;0;0;0;276,34;0;0;0;273,65;0,3;0;0;270,99;0,2;0;0;269,87;4;128;3,9;0;0;51;3,542;32;0,01;66,92;0,976221736;2141,44;
5,597;315,16;0;0;0;0;0;0;276,34;0;0;0;273,65;0,3;0;0;270,98;0,2;0;0;269,84;3,9;125;3,9;0;0;51;3,542;31,25;0,01;66,92;0,976221736;2091,25;
5,566;315,16;0;0;0;0;0;0;276,34;0;0;0;273,65;0,3;0;0;270,98;0,1;0;0;269,81;3,9;124;3,9;0;0;51;3,542;31;0,01;60,45;0,881838074;1873,95;
5,566;315,16;0;0;0;0;0;0;276,34;0;0;0;273,65;0,3;0;0;270,97;0,1;0;0;269,78;3,9;122;3,9;0;0;51;3,542;30,5;0,01;60,45;0,881838074;1843,73;
5,597;315,16;0;0;0;0;0;0;276,34;0;0;0;273,65;0,3;0;0;270,97;0,1;0;0;269,75;3,9;121;3,9;0;0;51;3,542;30,25;0,01;60,45;0,881838074;1828,61;
5,597;315,16;0;0;0;0;0;0;276,33;0;0;0;273,65;0,3;0;0;270,96;0,1;0;0;269,73;3,9;118;3,9;0;0;51;3,542;29,5;0,01;60,45;0,881838074;1783,28;
5,628;315,16;0;0;0;0;0;0;276,33;0;0;0;273,65;0,3;0;0;270,96;0;0;0;269,7;3,9;117;3,9;0;0;51;3,542;29,25;0,01;52,47;0,765426696;1534,75;
5,659;315,16;0;0;0;0;0;0;276,33;0;0;0;273,65;0,3;0;0;270,96;0;0;0;269,67;3,9;116;3,9;0;0;51;3,542;29;0,01;52,47;0,765426696;1521,63;
5,689;315,16;0;0;0;0;0;0;276,33;0;0;0;273,65;0,3;0;0;270,96;0;0;0;269,64;3,9;114;3,9;0;0;51;3,542;28,5;0,01;52,47;0,765426696;1495,4;
5,689;315,16;0;0;0;0;0;0;276,32;0;0;0;273,65;0,3;0;0;270,96;0;0;0;269,61;3,9;114;3,9;0;0;51;3,542;28,5;0,01;52,47;0,765426696;1495,4;
5,689;315,16;0;0;0;0;0;0;276,32;0;0;0;273,65;0,3;0;0;270,96;0;0;0;269,58;3,9;113;3,9;0;0;51;3,542;28,25;0,01;52,95;0,772428884;1495,84;
5,72;315,16;0;0;0;0;0;0;276,32;0;0;0;273,65;0,3;0;0;270,96;0;0;0;269,55;3,9;111;3,9;0;0;51;3,542;27,75;0,01;52,95;0,772428884;1469,36;
5,72;315,16;0;0;0;0;0;0;276,32;0;0;0;273,65;0,3;0;0;270,96;0;0;0;269,52;3,9;110;3,9;0;0;51;3,542;27,5;0,01;52,95;0,772428884;1456,13;
5,72;315,18;0;0;0;0;0;0;276,32;0;0;0;273,65;0,3;0;0;270,96;0;0;0;269,49;3,9;107;3,9;0;0;51;3,542;26,75;0,01;52,95;0,772428884;1416,41;
5,579;315,18;0;0;0;0;0;0;276,31;0;0;0;273,65;0,3;0;0;270,96;0;0;0;269,46;3,9;106;3,9;0;0;51;3,542;26,5;0,01;48,04;0,700802334;1273,06;
5,466;315,18;0;0;0;0;0;0;276,31;0;0;0;273,65;0,3;0;0;270,96;0;0;0;269,43;3,9;105;3,9;0;0;51;3,542;26,25;0,01;48,04;0,700802334;1261,05;
5,466;315,18;0;0;0;0;0;0;276,31;0;0;0;273,65;0,3;0;0;270,96;0;0;0;269,4;3,9;104;3,9;0;0;51;3,542;26;0,01;48,04;0,700802334;1249,04;
5,466;315,18;0;0;0;0;0;0;276,31;0;0;0;273,65;0,3;0;0;270,96;0;0;0;269,37;4;104;3,9;0;0;51;3,542;26;0,01;48,04;0,700802334;1249,04;
5,466;315,18;0;0;0;0;0;0;276,31;0;0;0;273,65;0,3;0;0;270,96;0;0;0;269,34;3,9;101;3,9;0;0;51;3,542;25,25;0,01;44,17;0,644347192;1115,29;
5,466;315,18;0;0;0;0;0;0;276,31;0;0;0;273,65;0,3;0;0;270,96;0;0;0;269,31;3,9;101;3,9;0;0;51;3,542;25,25;0,01;44,17;0,644347192;1115,29;
5,466;315,18;0;0;0;0;0;0;276,3;0;0;0;273,65;0,3;0;0;270,96;0;0;0;269,29;4,4;113;4,4;0;0;51;3,542;28,25;0,01;44,17;0,644347192;1247,8;
5,458;315,19;0;0;0;0;0;0;276,3;0;0;0;273,65;0,3;0;0;270,96;0;0;0;269,25;5;128;5;0;0;53;4;32;0,01;44,17;0,644347192;1413,44;
5,458;315,18;0;0;0;0;0;0;276,3;0;0;0;273,65;0,3;0;0;270,96;0;0;0;269,22;5,7;145;5,7;0;0;54;4,229;36,25;0,01;43,05;0,628008753;1560,56;
5,449;315,19;0;0;0;0;0;0;276,3;0;0;0;273,65;0,3;0;0;270,96;0;0;0;269,16;6,5;174;6,5;0;0;57;4,916;43,5;0,02;43,05;0,628008753;1872,68;
5,441;315,19;0;0;0;0;0;0;276,3;0;0;0;273,65;0,3;0;0;270,96;0;0;0;269,11;7,1;181;7,1;0;0;60;5,603;45,25;0,02;43,05;0,628008753;1948,01;
5,433;315,19;0;0;0;0;0;0;276,3;0;0;0;273,65;0,3;0;0;270,96;0;0;0;269,04;7,1;181;7,1;0;0;60;5,603;45,25;0,02;43,05;0,628008753;1948,01;
5,424;315,19;0;0;0;0;0;0;276,29;0;0;0;273,65;0,3;0;0;270,96;0;0;0;268,98;7,1;177;7,1;0;0;60;5,603;44,25;0,02;40,03;0,583953319;1771,33;
5,424;315,19;0;0;0;0;0;0;276,29;0;0;0;273,65;0,3;0;0;270,96;0;0;0;268,93;7,1;171;7,1;0;0;60;5,603;42,75;0,02;40,03;0,583953319;1711,28;
5,416;315,19;0;0;0;0;0;0;276,29;0;0;0;273,65;0,3;0;0;270,96;0;0;0;268,87;7,1;172;7,1;0;0;60;5,603;43;0,02;40,03;0,583953319;1721,29;
5,416;315,19;0;0;0;0;0;0;276,29;0;0;0;273,65;0,3;0;0;270,96;0;0;0;268,8;7,1;165;7,1;0;0;60;5,603;41,25;0,02;40,03;0,583953319;1651,24;
5,416;315,19;0;0;0;0;0;0;276,28;0;0;0;273,65;0,3;0;0;270,96;0;0;0;268,74;7,1;161;7,1;0;0;60;5,603;40,25;0,02;39;0,56892779;1569,75;
5,416;315,19;0;0;0;0;0;0;276,28;0;0;0;273,65;0,3;0;0;270,96;0;0;0;268,66;7,1;155;7;0;0;60;5,603;38,75;0,02;39;0,56892779;1511,25;
5,416;315,19;0;0;0;0;0;0;276,28;0;0;0;273,65;0,3;0;0;270,96;0;0;0;268,6;7;153;7;0;0;60;5,603;38,25;0,02;39;0,56892779;1491,75;
5,416;315,19;0;0;0;0;0;0;276,27;0;0;0;273,65;0,3;0;0;270,96;0;0;0;268,53;7;148;7;0;0;59;5,374;37;0,01;39;0,56892779;1443;
5,424;315,19;0;0;0;0;0;0;276,27;0;0;0;273,65;0,3;0;0;270,96;0;0;0;268,47;7;146;7;0;0;60;5,603;36,5;0,01;40,06;0,584390956;1462,19;
5,424;315,19;0;0;0;0;0;0;276,27;0;0;0;273,65;0,3;0;0;270,96;0;0;0;268,4;7,1;142;7,1;0;0;60;5,603;35,5;0,01;40,06;0,584390956;1422,13;
5,433;315,19;0;0;0;0;0;0;276,27;0;0;0;273,65;0,3;0;0;270,96;0;0;0;268,33;7,1;140;7,1;0;0;59;5,374;35;0,01;40,06;0,584390956;1402,1;
5,441;315,19;0;0;0;0;0;0;276,27;0;0;0;273,65;0,3;0;0;270,96;0;0;0;268,26;7,1;137;7,1;0;0;59;5,374;34,25;0,01;40,06;0,584390956;1372,06;
5,449;315,19;0;0;0;0;0;0;276,26;0;0;0;273,65;0,3;0;0;270,96;0;0;0;268,21;7,1;133;7,1;0;0;59;5,374;33,25;0,01;45,24;0,659956236;1504,23;
5,314;315,19;0;0;0;0;0;0;276,26;0;0;0;273,65;0,3;0;0;270,96;0;0;0;268,14;7,1;128;7,1;0;0;59;5,374;32;0,01;45,24;0,659956236;1447,68;
5,314;315,19;0;0;0;0;0;0;276,26;0;0;0;273,65;0,3;0;0;270,96;0;0;0;268,09;7,1;124;7,1;0;0;59;5,374;31;0,01;45,24;0,659956236;1402,44;
5,322;315,19;0;0;0;0;0;0;276,26;0;0;0;273,65;0,3;0;0;270,96;0;0;0;268,03;7,1;121;7,1;0;0;59;5,374;30,25;0,01;45,24;0,659956236;1368,51;
5,322;315,19;0;0;0;0;0;0;276,26;0;0;131;273,65;0,3;0;0;270,96;0;58;0;267,98;7;115;7;0;0;58;5,145;76,07;0,03;52,35;0,763676149;3982,21;
5,322;315,19;13,9;0;4616;0;13,9;0;276,32;11;106;65;273,65;0,3;0;0;271,03;9,6;175;0;267,92;7;108;7;0;0;58;5,145;1267,72;0,51;52,35;0,763676149;66365,13;
5,319;315,19;13,9;0;4616;0;13,9;0;276,3;10,9;94;62;273,65;0,3;0;0;271,07;16,9;169;0;267,91;7;115;7;0;0;58;5,145;1264,13;0,51;52,35;0,763676149;66177,29;
5,493;315,19;13,9;0;4590;0;13,9;0;276,38;11,4;94;81;273,65;0,3;0;0;271,05;9,3;174;0;267,95;7;121;7;0;0;58;5,145;1265,08;0,51;52,35;0,763676149;66226,88;
5,493;315,19;14;0;4612;0;14;0;276,43;12,5;96;86;273,65;0,3;0;0;271,08;12,1;189;0;268;6,6;115;6,6;0;0;58;5,145;1274,55;0,51;63,46;0,925747629;80882,75;
5,493;315,19;14;0;4609;0;14;0;276,46;12,5;102;89;273,65;0,3;0;0;271,08;12,9;202;0;268,09;6,3;116;6,3;0;0;56;4,687;1279,54;0,51;63,46;0,925747629;81199,82;
5,493;315,19;14;0;4599;0;14;0;276,47;13;101;96;273,65;0,3;0;0;271,08;13,1;200;0;268,19;6,2;117;6,2;0;0;55;4,458;1278,3;0,51;63,46;0,925747629;81121,23;
5,493;315,18;14;0;4590;0;14;0;276,48;13,5;107;96;273,65;0,3;0;0;271,06;13,5;192;0;268,3;6,2;124;6,2;0;0;55;4,458;1277,28;0,51;63,46;0,925747629;81055,88;
5,48;315,17;13,7;0;4482;0;13,7;0;276,48;13,7;107;95;273,65;0,3;0;0;271,05;13,8;188;0;268,41;6,7;142;6,7;0;0;57;4,916;1253,41;0,5;67;0,977388767;83978,67;
5,465;315,17;13,7;0;4488;0;13,7;0;276,46;13,4;103;97;273,65;0,3;0;0;271,05;13,3;180;0;268,53;6,8;155;6,8;0;0;57;4,916;1255,63;0,5;67;0,977388767;84127,33;
5,465;315,18;13,7;0;4485;0;13,7;0;276,45;13;101;98;273,65;0,3;0;0;271,06;12,4;176;0;268,62;6,9;160;6,9;0;0;59;5,374;1254,95;0,5;67;0,977388767;84081,63;
5,442;315,17;13,7;0;4472;0;13,7;0;276,45;13,2;102;97;273,65;0,3;0;0;271,08;12,2;175;0;268,71;6,9;168;6,9;0;0;59;5,374;1253,55;0,5;67;0,977388767;83987,54;
5,415;315,17;13,7;0;4478;0;13,7;0;276,44;13;103;96;273,65;0,3;0;0;271,1;12,8;171;0;268,79;6,6;165;6,6;0;0;58;5,145;1253,13;0,5;66;0,962800875;82706,52;
5,415;315,17;13,7;0;4488;0;13,7;0;276,44;12,7;100;96;273,65;0,3;0;0;271,1;13,1;165;0;268,9;6,8;171;6,8;0;0;58;5,145;1254,95;0,5;66;0,962800875;82826,86;
5,415;315,17;13,7;0;4488;0;13,7;0;276,44;12,8;99;96;273,65;0,3;0;0;271,09;13;154;0;268,99;7;186;7;0;0;60;5,603;1255,66;0,5;66;0,962800875;82873,47;
5,418;315,17;13,7;0;4462;0;13,7;0;276,44;12,7;98;96;273,65;0,3;0;0;271,09;13;144;0;269,07;6,9;187;6,9;0;0;60;5,603;1246,86;0,5;66;0,962800875;82292,82;
5,243;315,15;13,7;0;4478;0;13,7;0;276,44;12,6;97;95;273,65;0,3;0;0;271,07;12,7;132;0;269,15;6,8;184;6,8;0;0;60;5,603;1246,83;0,5;65,38;0,953756382;81517,54;
5,213;315,15;13,7;0;4468;0;13,7;0;276,44;12,6;99;94;273,65;0,3;0;0;271,05;12,6;120;0;269,23;7,1;201;7,1;0;0;60;5,603;1245,38;0,5;65,38;0,953756382;81422,95;
5,183;315,15;13,7;0;4472;0;13,7;0;276,45;12,7;99;94;273,65;0,3;0;0;271,06;12,2;115;0;269,3;8,2;208;7,1;0;1,1;62;6,061;1246,91;0,5;65,38;0,953756382;81523,28;
4,886;315,15;13,7;0;4468;0;13,7;0;276,45;12,8;99;93;273,65;0,3;0;0;271,07;12,7;111;0;269,35;8,2;208;7,1;0;1,1;63;6,29;1244,76;0,5;65,38;0,953756382;81382,22;
4,886;315,14;13,7;0;4475;0;13,7;0;276,45;12,6;99;93;273,65;0,3;0;0;271,07;12,7;102;0;269,42;7,6;210;6,9;0;0,8;62;6,061;1244,8;0,5;64,8;0,945295405;80663,17;
4,899;315,14;13,7;0;4455;0;13,7;0;276,46;12,7;100;93;273,65;0,3;0;0;271,08;12,4;96;0;269,48;7,2;217;7,1;0;0;62;6,061;1240,17;0,5;64,8;0,945295405;80363,14;
4,913;315,14;13,7;0;4475;0;13,7;0;276,46;12,9;102;92;273,65;0,3;0;0;271,09;11,9;87;0;269,55;7;224;7;0;0;62;6,061;1245,23;0,5;64,8;0,945295405;80690,62;
4,913;315,14;13,7;0;4485;0;13,7;0;276,46;12,8;103;92;273,65;0,3;0;0;271,09;11,5;76;0;269,62;6,7;219;6,7;0;0;61;5,831;1244,01;0,5;64,8;0,945295405;80611,88;
4,655;315,14;13,7;0;4462;0;13,7;0;276,46;13,1;102;95;273,65;0,3;0;0;271,08;10,8;65;0;269,68;6,6;221;6,6;0;0;61;5,831;1236,24;0,49;63,69;0,929102845;78736,18;
5,101;315,14;13,7;0;4495;0;13,7;0;276,46;12,6;101;98;273,65;0,3;0;0;271,07;11;54;0;269,76;6,5;217;6,5;0;0;61;5,831;1241,22;0,5;63,69;0,929102845;79053,07;
5,101;315,14;13,7;0;4498;0;13,7;0;276,45;12,9;101;96;273,65;0,3;0;0;271,06;10,9;42;0;269,83;6,4;221;6,4;0;0;60;5,603;1239,54;0,5;63,69;0,929102845;78946,48;
5,11;315,12;13,7;0;4482;0;13,7;0;276,45;12,9;103;95;273,65;0,3;0;0;271,04;11,4;22;0;269,91;6,4;229;6,4;0;0;60;5,603;1232,5;0,49;63,69;0,929102845;78497,79;
5,114;315,12;13,7;0;4475;0;13,7;0;276,45;12,8;102;95;273,65;0,3;0;0;271,08;11,5;0;0;269,98;6,3;228;6,3;0;0;60;5,603;1225,06;0,49;61,47;0,896717724;75304,43;
5,112;315,12;13,7;0;4465;0;13,7;0;276,45;13;100;98;273,65;0,3;0;0;271,09;12,5;0;0;270,05;6;211;6;0;0;58;5,145;1218,55;0,49;61,47;0,896717724;74904,41;
5,141;315,11;13,7;0;4495;0;13,7;0;276,45;12,9;102;96;273,65;0,3;0;0;271,09;12,6;0;0;270,12;5,6;200;5,6;0;0;58;5,145;1223,23;0,49;61,47;0,896717724;75191,89;
5,313;315,11;13,7;0;4446;0;13,7;0;276,44;13;103;95;273,65;0,3;0;0;271,09;12,5;0;0;270,2;5,9;214;5,9;0;0;58;5,145;1214,5;0,49;61,47;0,896717724;74655,56;
5,333;315,11;13,7;0;4426;0;13,7;0;276,44;12,8;101;95;273,65;0,3;0;0;271,1;12,5;0;0;270,26;6,6;253;6,6;0;0;60;5,603;1218,94;0,49;59;0,860685631;71917,2;
5,333;315,11;13,7;0;4452;0;13,7;0;276,44;12,7;99;95;273,65;0,3;0;0;271,1;12,5;0;0;270,33;7,2;279;7,2;0;0;63;6,29;1231,35;0,49;59;0,860685631;72649,47;
4,903;315,11;13,7;0;4485;0;13,7;0;276,44;12,8;100;94;273,65;0,3;0;0;271,09;12,2;0;0;270,38;7,9;287;7,2;0;0,6;63;6,29;1241,46;0,5;59;0,860685631;73246,13;
5,19;315,11;13,7;0;4491;0;13,7;0;276,44;12,6;99;94;273,65;0,7;0;0;271,09;12;0;0;270,43;7,2;294;7,2;0;0;63;6,29;1244,5;0,5;59;0,860685631;73425,39;
5,19;315,11;13,7;0;4485;0;13,7;0;276,44;12,6;98;94;273,65;2,6;0;0;271,08;11,9;0;0;270,48;7,2;293;7,2;0;0;63;6,29;1242,55;0,5;54,89;0,800729395;68203,68;
5,174;315,09;13,7;0;4432;0;13,7;0;276,45;12,8;97;96;273,61;3;0;0;271,08;11,8;0;0;270,54;7,2;301;7,2;0;0;63;6,29;1231,49;0,49;54,89;0,800729395;67596,5;
5,163;315,09;13,7;0;4475;0;13,7;0;276,45;13;98;95;273,58;2,1;0;0;271,08;11,8;0;0;270,58;7,2;300;7,2;0;0;63;6,29;1241,95;0,5;54,89;0,800729395;68170,82;
5,163;315,08;13,7;0;4462;0;13,7;0;276,45;12,6;97;95;273,56;1,4;0;0;271,09;12,3;0;0;270,64;7,2;304;7,2;0;0;63;6,29;1239,47;0,5;54,89;0,800729395;68034,5;
5,154;315,08;13,7;0;4465;0;13,7;0;276,46;12,8;15;27;273,55;1;0;0;271,1;12,6;0;0;270,69;7,2;310;7,2;0;0;63;6,29;1204,28;0,48;55,64;0,811670314;67006,08;
5,15;315,08;0;0;0;0;0;0;276,42;0;0;0;273,55;0,9;0;0;271,09;1,7;0;0;270,75;7,2;314;7,2;0;0;63;6,29;78,5;0,03;55,64;0,811670314;4367,74;
5,152;315,09;0;0;0;0;0;0;276,42;0;0;0;273,54;0,9;0;0;271,05;0;0;0;270,74;7,2;305;7,2;0;0;63;6,29;76,25;0,03;55,64;0,811670314;4242,55;
5,152;315,08;0;0;0;0;0;0;276,41;0;0;0;273,53;0,8;0;0;271,02;0;0;0;270,68;7,2;300;7,2;0;0;63;6,29;75;0,03;55,64;0,811670314;4173;
5,154;315,09;0;0;0;0;0;0;276,41;0;0;0;273,53;0,8;0;0;271,03;0;0;0;270,62;7,2;299;7,2;0;0;63;6,29;74,75;0,03;62,81;0,9162655;4695,05;
5,342;315,09;0;0;0;0;0;0;276,4;0;0;0;273,53;0;0;0;271,04;0;0;0;270,55;7,2;295;7,2;0;0;63;6,29;73,75;0,03;62,81;0,9162655;4632,24;
5,342;315,08;0;0;0;0;0;0;276,4;0;0;0;273,53;0;0;0;271,04;0;0;0;270,49;7,2;286;7,2;0;0;63;6,29;71,5;0,03;62,81;0,9162655;4490,92;
5,354;315,09;0;0;0;0;0;0;276,39;0;0;0;273,53;0;0;0;271,03;0;0;0;270,43;7,2;287;7,2;0;0;63;6,29;71,75;0,03;62,81;0,9162655;4506,62;
5,366;315,1;0;0;0;0;0;0;276,39;0;0;0;273,53;0;0;0;271,03;0;0;0;270,37;7,2;282;7,2;0;0;63;6,29;70,5;0,03;68,55;1;4832,78;
5,378;315,09;0;0;0;0;0;0;276,39;0;0;0;273,53;0;0;0;271,03;0;0;0;270,3;7,2;281;7,2;0;0;63;6,29;70,25;0,03;68,55;1;4815,64;
5,394;315,09;0;0;0;0;0;0;276,39;0;0;0;273,54;0;0;0;271,03;0,2;0;0;270,25;7,2;269;7,2;0;0;63;6,29;67,25;0,03;68,55;1;4609,99;
5,418;315,1;0;0;0;0;0;0;276,39;0;0;0;273,54;0;0;0;271,01;0,1;0;0;270,18;7,2;272;7,2;0;0;63;6,29;68;0,03;68,55;1;4661,4;
5,418;315,1;0;0;0;0;0;0;276,39;0;0;0;273,54;0;0;0;271;0,1;0;0;270,13;7,1;269;7,1;0;0;63;6,29;67,25;0,03;67,03;0,977826404;4507,77;
5,418;315,09;0;0;0;0;0;0;276,38;0;0;0;273,55;0;0;0;271;0,1;0;0;270,06;6,9;259;6,9;0;0;62;6,061;64,75;0,03;67,03;0,977826404;4340,19;
5,418;315,1;0;0;0;0;0;0;276,38;0;0;0;273,55;0;0;0;271;0,1;0;0;270,01;6,5;239;6,5;0;0;61;5,831;59,75;0,02;67,03;0,977826404;4005,04;
5,43;315,1;0;0;0;0;0;0;276,38;0;0;0;273,55;0;0;0;270,99;0,1;0;0;269,95;6,3;227;6,3;0;0;59;5,374;56,75;0,02;67,03;0,977826404;3803,95;
5,442;315,1;0;0;0;0;0;0;276,38;0;0;0;273,56;0;0;0;270,99;0;0;0;269,91;6;208;5,9;0;0;58;5,145;52;0,02;61,27;0,893800146;3186,04;
5,44;315,1;0;0;0;0;0;0;276,37;0;0;0;273,56;0;0;0;270,99;0;0;0;269,85;5,7;197;5,7;0;0;58;5,145;49,25;0,02;61,27;0,893800146;3017,55;
5,252;315,1;0;0;0;0;0;0;276,37;0;0;0;273,56;0;0;0;270,99;0;0;0;269,82;5,4;183;5,4;0;0;55;4,458;45,75;0,02;61,27;0,893800146;2803,1;
5,12;315,1;0;0;0;0;0;0;276,37;0;0;0;273,57;0;0;0;270,99;0;0;0;269,77;5;169;5;0;0;55;4,458;42,25;0,02;61,27;0,893800146;2588,66;
5,252;315,1;0;0;0;0;0;0;276,37;0;0;0;273,57;0;0;0;270,99;0;0;0;269,74;4,9;163;4,9;0;0;55;4,458;40,75;0,02;50,55;0,737417943;2059,91;
5,24;315,1;0;0;0;0;0;0;276,36;0;0;0;273,58;0,6;0;0;270,99;0;0;0;269,7;4,6;156;4,6;0;0;53;4;39;0,02;50,55;0,737417943;1971,45;
5,228;315,1;0;0;0;0;0;0;276,36;0;0;0;273,58;0,6;0;0;270,99;0;0;0;269,67;4,4;148;4,4;0;0;53;4;37;0,01;50,55;0,737417943;1870,35;
5,228;315,1;0;0;0;0;0;0;276,36;0;0;0;273,58;1;0;0;270,99;0;0;0;269,63;4,2;137;4,2;0;0;52;3,771;34,25;0,01;50,55;0,737417943;1731,34;
5,216;315,1;0;0;0;0;0;0;276,36;0;0;0;273,57;1,4;0;0;270,99;0;0;0;269,6;4;129;4;0;0;51;3,542;32,25;0,01;50,35;0,734500365;1623,79;
5,216;315,1;0;0;0;0;0;0;276,35;0;0;0;273,56;1,3;0;0;270,99;0;0;0;269,56;4;127;4;0;0;51;3,542;31,75;0,01;50,35;0,734500365;1598,61;
5,216;315,1;0;0;0;0;0;0;276,35;0;0;0;273,55;1,1;0;0;270,99;0;0;0;269,54;4;125;4;0;0;51;3,542;31,25;0,01;50,35;0,734500365;1573,44;
5,216;315,1;0;0;0;0;0;0;276,35;0;0;0;273,54;1;0;0;270,99;0;0;0;269,5;4;124;4;0;0;51;3,542;31;0,01;50,35;0,734500365;1560,85;
5,061;315,1;0;0;0;0;0;0;276,35;0;0;0;273,54;0,9;0;0;270,99;0;0;0;269,48;4;122;4;0;0;51;3,542;30,5;0,01;47,24;0,68913202;1440,82;
5,192;315,1;0;0;0;0;0;0;276,35;0;0;0;273,53;0,9;0;0;270,99;0;0;0;269,44;4;119;4;0;0;51;3,542;29,75;0,01;47,24;0,68913202;1405,39;
5,192;315,12;0;0;0;0;0;0;276,35;0;0;0;273,53;0;0;0;270,99;0;0;0;269,42;4;118;4;0;0;51;3,542;29,5;0,01;47,24;0,68913202;1393,58;
5,192;315,12;0;0;0;0;0;0;276,35;0;0;0;273,53;0;0;0;270,99;0;0;0;269,39;4;116;4;0;0;51;3,542;29;0,01;47,24;0,68913202;1369,96;
5,18;315,12;0;0;0;0;0;0;276,35;0;0;0;273,53;0;0;0;270,99;0;0;0;269,36;4;114;3,9;0;0;51;3,542;28,5;0,01;47,01;0,685776805;1339,79;
5,18;315,12;0;0;0;0;0;0;276,34;0;0;0;273,53;0;0;0;270,99;0;0;0;269,33;4;111;3,9;0;0;51;3,542;27,75;0,01;47,01;0,685776805;1304,53;
5,18;315,12;0;0;0;0;0;0;276,34;0;0;0;273,53;0;0;0;270,99;0;0;0;269,3;4,4;124;4,4;0;0;51;3,542;31;0,01;47,01;0,685776805;1457,31;
5,18;315,12;0;0;0;0;0;0;276,34;0;0;0;273,54;0;0;0;270,99;0;0;0;269,26;5;140;5;0;0;53;4;35;0,01;47,01;0,685776805;1645,35;
5,18;315,12;0;0;0;0;0;0;276,33;0;0;0;273,54;0;0;0;270,99;0;0;0;269,23;5,6;156;5,6;0;0;54;4,229;39;0,02;44,58;0,650328228;1738,62;
5,18;315,12;0;0;0;0;0;0;276,33;0;0;0;273,54;0;0;0;270,99;0,1;0;0;269,18;6,5;184;6,5;0;0;57;4,916;46;0,02;44,58;0,650328228;2050,68;
5,18;315,12;0;0;0;0;0;0;276,32;0;0;0;273,55;0;0;0;271;0;0;0;269,12;7,1;199;7,1;0;0;60;5,603;49,75;0,02;44,58;0,650328228;2217,86;
5,18;315,12;0;0;0;0;0;0;276,32;0;0;0;273,55;0;0;0;271;0;0;0;269,05;7,1;192;7,1;0;0;60;5,603;48;0,02;44,58;0,650328228;2139,84;
5,18;315,12;0;0;0;0;0;0;276,32;0;0;0;273,55;0;0;0;271;0;0;0;268,98;7,1;186;7,1;0;0;60;5,603;46,5;0,02;42,94;0,626404085;1996,71;
5,18;315,12;0;0;0;0;0;0;276,32;0;0;0;273,56;0;0;0;271;0;0;0;268,93;7,1;175;7,1;0;0;60;5,603;43,75;0,02;42,94;0,626404085;1878,63;
5,192;315,13;0;0;0;0;0;0;276,31;0;0;0;273,56;0;0;0;271;0;0;0;268,87;7,1;174;7,1;0;0;60;5,603;43,5;0,02;42,94;0,626404085;1867,89;
5,205;315,13;0;0;0;0;0;0;276,31;0;0;0;273,56;0;0;0;271;0;0;0;268,8;7,1;172;7,1;0;0;60;5,603;43;0,02;42,94;0,626404085;1846,42;
5,218;315,13;0;0;0;0;0;0;276,31;0;0;0;273,57;0;0;0;270,99;0,2;0;0;268,73;7,1;171;7;0;0;60;5,603;42,75;0,02;39,51;0,576367615;1689,05;
5,23;315,13;0;0;0;0;0;0;276,31;0;0;0;273,57;0;0;0;270,98;0,1;0;0;268,66;7,1;163;7,1;0;0;60;5,603;40,75;0,02;39,51;0,576367615;1610,03;
5,243;315,13;0;0;0;0;0;0;276,3;0;0;0;273,58;0;0;0;270,98;0,1;0;0;268,6;7;161;7;0;0;60;5,603;40,25;0,02;39,51;0,576367615;1590,28;
5,256;315,13;0;0;0;0;0;0;276,3;0;0;0;273,58;0,6;0;0;270,97;0,1;0;0;268,52;7;156;7;0;0;60;5,603;39;0,02;39,51;0,576367615;1540,89;
5,111;315,13;0;0;0;0;0;0;276,3;0;0;0;273,58;0,6;0;0;270,97;0;0;0;268,46;7;154;7;0;0;60;5,603;38,5;0,02;39,53;0,576659373;1521,91;
5,256;315,13;0;0;0;0;0;0;276,29;0;0;0;273,58;1;0;0;270,97;0;0;0;268,39;7,1;151;7,1;0;0;60;5,603;37,75;0,02;39,53;0,576659373;1492,26;
5,256;315,13;0;0;0;0;0;0;276,29;0;0;0;273,57;1,4;0;0;270,96;0;0;0;268,33;7,1;147;7,1;0;0;60;5,603;36,75;0,01;39,53;0,576659373;1452,73;
5,256;315,13;0;0;0;0;0;0;276,29;0;0;0;273,56;1,2;0;0;270,96;0;0;0;268,26;7,1;145;7,1;0;0;60;5,603;36,25;0,01;39,53;0,576659373;1432,96;
5,256;315,13;0;0;0;0;0;0;276,28;0;0;0;273,55;1,1;0;0;270,96;0;0;0;268,2;7,1;137;7,1;0;0;60;5,603;34,25;0,01;45,04;0,657038658;1542,62;
5,111;315,13;0;0;0;0;0;0;276,28;0;0;0;273,55;1;0;0;270,96;0;0;0;268,14;7,1;136;7,1;0;0;59;5,374;34;0,01;45,04;0,657038658;1531,36;
5,111;315,13;0;0;0;0;0;0;276,28;0;0;0;273,54;0,9;0;0;270,96;0;0;0;268,09;7,1;130;7,1;0;0;59;5,374;32,5;0,01;45,04;0,657038658;1463,8;
5,099;315,13;0;0;0;0;0;0;276,28;0;0;0;273,53;0,9;0;0;270,96;0;0;0;268,03;7,1;127;7,1;0;0;59;5,374;31,75;0,01;45,04;0,657038658;1430,02;
5,086;315,13;0;0;0;0;0;0;276,27;0;47;92;273,53;0;0;0;270,96;0;64;0;267,97;7,1;124;7;0;0;58;5,145;81,57;0,03;53,13;0,775054705;4333,8;
5,074;315,13;13,5;0;4436;0;13,5;0;276,28;12,1;97;52;273,53;0;0;0;271;14,8;180;0;267,91;7;118;7;0;0;58;5,145;1220,51;0,49;53,13;0,775054705;64845,83;
4,93;315,13;13,5;0;4465;0;13,5;0;276,31;10,4;95;54;273,53;0;0;0;271,03;9,2;160;0;267,91;7;126;7;0;0;58;5,145;1225,14;0,49;53,13;0,775054705;65091,6;
5,105;315,13;13,5;0;4436;0;13,5;0;276,38;10,2;90;73;273,53;0;0;0;271,07;10,4;173;0;267,93;7;128;7;0;0;58;5,145;1224,74;0,49;53,13;0,775054705;65070,22;
5,092;315,12;13,6;0;4436;0;13,6;0;276,43;11,4;97;82;273,53;0;0;0;271,08;11,2;188;0;267,99;6,9;132;6,9;0;0;58;5,145;1233,82;0,49;63,28;0,923121809;78076,41;
5,267;315,12;13,6;0;4436;0;13,6;0;276,46;11,9;98;78;273,53;0;0;0;271,09;13;200;0;268,06;6,4;124;6,4;0;0;58;5,145;1234,04;0,49;63,28;0,923121809;78089,76;
5,422;315,12;13,6;0;4413;0;13,6;0;276,48;12;99;86;273,54;0;0;0;271,08;13,1;201;0;268,15;6,5;133;6,5;0;0;57;4,916;1232,96;0,49;63,28;0,923121809;78021,99;
5,422;315,12;13,6;0;4429;0;13,6;0;276,48;12,8;102;89;273,54;0;0;0;271,07;13,2;197;0;268,26;6,6;139;6,5;0;0;57;4,916;1239,15;0,5;63,28;0,923121809;78413,57;
5,411;315,11;13,6;0;4426;0;13,6;0;276,48;13;105;93;273,54;0;0;0;271,06;12,9;193;0;268,36;6,6;145;6,6;0;0;57;4,916;1240,62;0,5;64,9;0,946754194;80516,17;
5,397;315,11;13,6;0;4423;0;13,6;0;276,47;13,5;101;99;273,55;0;0;0;271,05;13,3;184;0;268,47;6,8;156;6,8;0;0;57;4,916;1241,02;0,5;64,9;0,946754194;80542,13;
5,397;315,11;13,6;0;4459;0;13,6;0;276,46;13,2;100;97;273,55;0;0;0;271,05;12,6;177;0;268,56;6,8;166;6,8;0;0;59;5,374;1249,71;0,5;64,9;0,946754194;81106,25;
5,242;315,11;13,6;0;4462;0;13,6;0;276,45;12,9;101;94;273,55;0;0;0;271,08;12,7;178;0;268,65;6,8;170;6,8;0;0;59;5,374;1251,35;0,5;64,9;0,946754194;81212,73;
5,397;315,11;13,6;0;4449;0;13,6;0;276,45;12,8;101;94;273,56;0;0;0;271,08;12,5;164;0;268,73;6,7;170;6,7;0;0;59;5,374;1244,64;0,5;62,57;0,912764406;77877,08;
5,397;315,11;13,6;0;4462;0;13,6;0;276,45;12,9;101;94;273,56;0;0;0;271,1;12,9;164;0;268,81;6,5;168;6,5;0;0;58;5,145;1247,58;0,5;62,57;0,912764406;78061,1;
5,219;315,09;13,6;0;4436;0;13,6;0;276,45;12,8;102;94;273,57;0;0;0;271,09;13;156;0;268,93;6,9;185;6,9;0;0;59;5,374;1243,29;0,5;62,57;0,912764406;77792,92;
5,334;315,09;13,6;0;4439;0;13,6;0;276,45;12,8;102;94;273,57;0;0;0;271,09;13;149;0;269,01;6,9;191;6,9;0;0;60;5,603;1243,73;0,5;62,57;0,912764406;77820,22;
4,977;315,09;13,6;0;4400;0;13,6;0;276,45;12,9;101;94;273,57;0;0;0;271,08;12,8;138;0;269,08;6,7;191;6,7;0;0;60;5,603;1231,14;0,49;61,93;0,903428155;76244,29;
4,977;315,08;13,6;0;4432;0;13,6;0;276,45;12,9;100;96;273,6;12,6;62;47;271,06;13,1;124;0;269,18;7,1;203;7,1;0;0;60;5,603;1265,92;0,51;61,93;0,903428155;78398,68;
4,803;315,08;13,6;0;4455;0;13,6;0;276,45;12,8;99;97;273,62;11;76;85;271,05;12,8;115;0;269,24;8,1;210;7,1;0;1;60;5,603;1284,46;0,51;61,93;0,903428155;79546,84;
4,803;315,08;13,6;0;4446;0;13,6;0;276,45;13;100;97;273,64;11,3;74;85;271,06;12,7;112;0;269,3;8,8;214;7,1;0;1,6;65;6,747;1281,9;0,51;61,93;0,903428155;79388,36;
4,803;315,08;13,6;0;4452;0;13,6;0;276,45;12,9;100;97;273,66;11,9;72;90;271,07;12,7;107;0;269,35;8,8;219;7,1;0;1,6;65;6,747;1284,28;0,51;61,07;0,890882567;78430,93;
4,813;315,08;13,6;0;4436;0;13,6;0;276,45;12,8;100;97;273,66;12,5;77;95;271,08;12,8;102;0;269,41;8,8;223;7,1;0;1,6;66;6,976;1282,23;0,51;61,07;0,890882567;78305,93;
4,827;315,08;13,6;0;4462;0;13,6;0;276,45;12,9;100;97;273,67;13;82;101;271,09;11,9;97;0;269,45;8,8;225;7,1;0;1,7;66;6,976;1291,12;0,52;61,07;0,890882567;78848,7;
4,827;315,08;13,6;0;4452;0;13,6;0;276,45;13;101;95;273,67;13,3;85;103;271,1;12;91;0;269,5;8,8;234;7,1;0;1,7;66;6,976;1290,41;0,52;61,07;0,890882567;78805,08;
4,825;315,06;13,6;0;4439;0;13,6;0;276,45;12,8;101;95;273,67;13,6;87;104;271,09;11,4;81;0;269,55;8,8;231;7,1;0;1,7;66;6,976;1284,83;0,51;58,25;0,849744712;74841,33;
4,823;315,06;13,6;0;4442;0;13,6;0;276,45;12,8;101;95;273,67;13,8;88;105;271,08;11;74;0;269,61;8,8;239;7,1;0;1,7;66;6,976;1286,07;0,51;58,25;0,849744712;74913,82;
4,822;315,06;13,6;0;4459;0;13,6;0;276,45;12,8;101;95;273,65;13,3;88;105;271,07;11,3;65;0;269,65;8,9;238;7,1;0;1,7;66;6,976;1287,78;0,52;58,25;0,849744712;75013,44;
4,844;315,06;13,6;0;4449;0;13,6;0;276,45;13;102;94;273,63;13,2;87;103;271,05;11,7;57;0;269,7;8,9;246;7,2;0;1,7;66;6,976;1284,62;0,51;58,25;0,849744712;74828,94;
4,867;315,05;13,6;0;4449;0;13,6;0;276,45;12,9;102;94;273,63;12,6;84;101;271,03;11;48;0;269,76;8,9;241;7,1;0;1,7;66;6,976;1279,77;0,51;56,6;0,82567469;72434,82;
4,886;315,04;13,6;0;4449;0;13,6;0;276,45;13;101;96;273,63;12,5;80;99;271,03;10,3;46;0;269,81;8,9;251;7,2;0;1,8;66;6,976;1280,44;0,51;56,6;0,82567469;72472,94;
4,886;315,05;13,6;0;4446;0;13,6;0;276,45;13;100;96;273,65;12,3;79;98;271,05;10,1;42;0;269,85;8,4;256;7,2;0;1,2;66;6,976;1279,32;0,51;56,6;0,82567469;72409,48;
4,885;315,04;13,6;0;4455;0;13,6;0;276,45;13;100;97;273,66;12,4;79;98;271,07;10,7;39;0;269,9;8,4;255;7,2;0;1,2;65;6,747;1280,85;0,51;56,6;0,82567469;72495,88;
4,884;315,04;13,6;0;4436;0;13,6;0;276,45;12,9;99;99;273,66;12,8;79;98;271,1;9,8;36;0;269,94;7,2;250;7,2;0;0;64;6,518;1273,89;0,51;53,63;0,782348651;68318,76;
4,882;315,04;13,6;0;4465;0;13,6;0;276,45;13;99;98;273,63;1,6;38;43;271,12;10,4;0;0;270;7,2;266;7,2;0;0;64;6,518;1252,23;0,5;53,63;0,782348651;67157,29;
4,882;315,04;13,6;0;4468;0;13,6;0;276,45;12,8;100;97;273,61;0;0;0;271,14;12,8;0;0;270,05;7;261;6,9;0;0;64;6,518;1231,48;0,49;53,63;0,782348651;66044,44;
4,882;315,04;13,6;0;4429;0;13,6;0;276,45;12,8;101;96;273,61;0;0;0;271,12;12,9;0;0;270,12;6,5;254;6,5;0;0;61;5,831;1219,87;0,49;53,63;0,782348651;65421,74;
4,882;315,04;13,6;0;4432;0;13,6;0;276,45;12,9;101;96;273,61;0;0;0;271,09;12,9;0;0;270,18;6,3;249;6,3;0;0;61;5,831;1219,4;0,49;50,09;0,730707513;61079,65;
4,884;315,02;13,6;0;4429;0;13,6;0;276,45;12,9;101;96;273,61;0;0;0;271,08;12,5;0;0;270,26;6,1;238;6,1;0;0;58;5,145;1215,87;0,49;50,09;0,730707513;60903,16;
4,885;315,02;13,6;0;4413;0;13,6;0;276,45;13;101;95;273,62;0;0;0;271,07;12,4;0;0;270,32;6,1;243;6,1;0;0;58;5,145;1213,14;0,49;50,09;0,730707513;60765,93;
4,887;315,01;13,6;0;4465;0;13,6;0;276,45;12,9;101;97;273,62;0;0;0;271,06;12,1;0;0;270,4;6,2;252;6,2;0;0;59;5,374;1228,61;0,49;50,09;0,730707513;61540,9;
4,889;315,01;0;0;4442;0;0;0;276,45;12,8;16;20;273,62;0;0;0;271,06;12;0;0;270,47;6,2;257;6,2;0;0;59;5,374;1183,85;0,47;49,35;0,719912473;58422,82;
4,889;315,02;0;0;0;0;0;0;276,4;0;0;0;273,62;0;0;0;271,04;0,1;0;0;270,54;6,5;277;6,5;0;0;60;5,603;69,25;0,03;49,35;0,719912473;3417,49;
4,889;315,02;0;0;0;0;0;0;276,41;0;0;0;273,63;0;0;0;270,99;0;0;0;270,52;7,1;293;7,1;0;0;62;6,061;73,25;0,03;49,35;0,719912473;3614,89;
4,889;315,01;0;0;0;0;0;0;276,39;0;0;0;273,63;0;0;0;270,98;0;0;0;270,46;7,2;288;7,1;0;0;63;6,29;72;0,03;49,35;0,719912473;3553,2;
4,89;315,02;0;0;0;0;0;0;276,4;0;0;0;273,63;0,1;0;0;270,98;0;0;0;270,41;7,1;289;7,1;0;0;62;6,061;72,25;0,03;57,59;0,840116703;4160,88;
4,924;315,02;0;0;0;0;0;0;276,39;0;0;0;273,63;0,1;0;0;271;0;0;0;270,34;6,9;277;6,8;0;0;62;6,061;69,25;0,03;57,59;0,840116703;3988,11;
4,925;315,01;0;0;0;0;0;0;276,38;0;0;0;273,64;0,1;0;0;270,99;0;0;0;270,3;7;274;7;0;0;62;6,061;68,5;0,03;57,59;0,840116703;3944,92;
4,925;315,02;0;0;0;0;0;0;276,38;0;0;0;273,64;0,1;0;0;270,99;0;0;0;270,23;6,9;262;6,9;0;0;62;6,061;65,5;0,03;57,59;0,840116703;3772,15;
4,958;315,03;0;0;0;0;0;0;276,38;0;0;0;273,64;0,2;0;0;270,99;0;0;0;270,17;7;265;7;0;0;62;6,061;66,25;0,03;65,95;0,962071481;4369,19;
4,991;315,02;0;0;0;0;0;0;276,38;0;0;0;273,65;0,2;0;0;270,99;0;0;0;270,11;7,1;267;7;0;0;62;6,061;66,75;0,03;65,95;0,962071481;4402,16;
4,991;315,02;0;0;0;0;0;0;276,38;0;0;0;273,65;0,2;0;0;270,99;0;0;0;270,05;6,8;254;6,7;0;0;62;6,061;63,5;0,03;65,95;0,962071481;4187,83;
5,025;315,03;0;0;0;0;0;0;276,38;0;0;0;273,65;0,2;0;0;270,99;0;0;0;269,99;6,8;250;6,8;0;0;61;5,831;62,5;0,03;65,95;0,962071481;4121,88;
5,025;315,03;0;0;0;0;0;0;276,38;0;0;0;273,65;0,3;0;0;270,98;0,2;0;0;269,93;6,8;244;6,8;0;0;61;5,831;61;0,02;65,02;0,948504741;3966,22;
5,058;315,03;0;0;0;0;0;0;276,37;0;0;0;273,65;0,3;0;0;270,98;0,1;0;0;269,87;6,6;239;6,6;0;0;61;5,831;59,75;0,02;65,02;0,948504741;3884,95;
5,058;315,03;0;0;0;0;0;0;276,37;0;0;0;273,65;0,3;0;0;270,97;0,1;0;0;269,82;6,3;221;6,3;0;0;61;5,831;55,25;0,02;65,02;0,948504741;3592,36;
5,091;315,03;0;0;0;0;0;0;276,37;0;0;0;273,65;0,3;0;0;270,96;0,1;0;0;269,77;6;203;6;0;0;58;5,145;50,75;0,02;65,02;0,948504741;3299,77;
5,124;315,03;0;0;0;0;0;0;276,37;0;0;0;273,65;0,3;0;0;270,96;0,1;0;0;269,73;5,7;190;5,7;0;0;58;5,145;47,5;0,02;58,93;0,859664478;2799,18;
5,124;315,03;0;0;0;0;0;0;276,37;0;0;0;273,65;0,3;0;0;270,96;0,1;0;0;269,69;5,4;179;5,4;0;0;55;4,458;44,75;0,02;58,93;0,859664478;2637,12;
5,091;315,03;0;0;0;0;0;0;276,37;0;0;0;273,65;0,3;0;0;270,96;0,1;0;0;269,64;5,1;165;5,1;0;0;55;4,458;41,25;0,02;58,93;0,859664478;2430,86;
5,091;315,03;0;0;0;0;0;0;276,36;0;0;0;273,65;0,3;0;0;270,95;0;0;0;269,61;4,9;159;4,9;0;0;53;4;39,75;0,02;58,93;0,859664478;2342,47;
5,091;315,03;0;0;0;0;0;0;276,36;0;0;0;273,65;0,3;0;0;270,95;0;0;0;269,57;4,7;151;4,7;0;0;53;4;37,75;0,02;52,06;0,75944566;1965,27;
5,058;315,03;0;0;0;0;0;0;276,36;0;0;0;273,65;0,3;0;0;270,95;0;0;0;269,53;4,4;142;4,4;0;0;53;4;35,5;0,01;52,06;0,75944566;1848,13;
5,025;315,03;0;0;0;0;0;0;276,36;0;0;0;273,65;0,3;0;0;270,95;0;0;0;269,5;4,2;130;4,2;0;0;52;3,771;32,5;0,01;52,06;0,75944566;1691,95;
5,025;315,03;0;0;0;0;0;0;276,35;0;0;0;273,65;0,3;0;0;270,95;0;0;0;269,47;4;121;4;0;0;51;3,542;30,25;0,01;52,06;0,75944566;1574,82;
4,992;315,03;0;0;0;0;0;0;276,35;0;0;0;273,65;0,3;0;0;270,95;0;0;0;269,44;3,8;114;3,8;0;0;51;3,542;28,5;0,01;51,4;0,749817651;1464,9;
4,992;315,03;0;0;0;0;0;0;276,35;0;0;0;273,65;0,3;0;0;270,95;0;0;0;269,41;3,6;103;3,6;0;0;49;3,084;25,75;0,01;51,4;0,749817651;1323,55;
4,959;315,03;0;0;0;0;0;0;276,35;0;0;0;273,66;0,4;0;0;270,95;0;0;0;269,38;3,6;102;3,6;0;0;49;3,084;25,5;0,01;51,4;0,749817651;1310,7;
4,959;315,03;0;0;0;0;0;0;276,34;0;0;0;273,66;0,4;0;0;270,95;0;0;0;269,35;3,6;101;3,6;0;0;49;3,084;25,25;0,01;51,4;0,749817651;1297,85;
4,926;315,03;0;0;0;0;0;0;276,34;0;0;0;273,66;0,4;0;0;270,95;0;0;0;269,33;3,6;101;3,6;0;0;49;3,084;25,25;0,01;48,2;0,703136397;1217,05;
5,037;315,03;0;0;0;0;0;0;276,34;0;0;0;273,66;0,4;0;0;270,95;0;0;0;269,3;3,6;99;3,6;0;0;49;3,084;24,75;0,01;48,2;0,703136397;1192,95;
5,06;315,04;0;0;0;0;0;0;276,34;0;0;0;273,66;0,4;0;0;270,95;0;0;0;269,28;3,7;98;3,7;0;0;49;3,084;24,5;0,01;48,2;0,703136397;1180,9;
5,083;315,04;0;0;0;0;0;0;276,33;0;0;0;273,66;0,4;0;0;270,95;0;0;0;269,25;3,7;98;3,7;0;0;49;3,084;24,5;0,01;48,2;0,703136397;1180,9;
5,083;315,05;0;0;0;0;0;0;276,33;0;0;0;273,66;0,4;0;0;270,95;0;0;0;269,22;3,7;97;3,7;0;0;49;3,084;24,25;0,01;44,76;0,652954048;1085,43;
5,083;315,05;0;0;0;0;0;0;276,33;0;0;0;273,66;0,4;0;0;270,95;0;0;0;269,2;3,7;96;3,7;0;0;50;3,314;24;0,01;44,76;0,652954048;1074,24;
5,083;315,05;0;0;0;0;0;0;276,32;0;0;0;273,66;0,4;0;0;270,95;0;0;0;269,17;4,2;110;4,2;0;0;50;3,314;27,5;0,01;44,76;0,652954048;1230,9;
5,083;315,05;0;0;0;0;0;0;276,32;0;0;0;273,66;0,4;0;0;270,95;0;0;0;269,13;4,8;125;4,8;0;0;52;3,771;31,25;0,01;44,76;0,652954048;1398,75;
5,083;315,04;0;0;0;0;0;0;276,32;0;0;0;273,66;0,4;0;0;270,95;0;0;0;269,1;5,4;141;5,4;0;0;53;4;35,25;0,01;43,2;0,630196937;1522,8;
5,227;315,06;0;0;0;0;0;0;276,31;0;0;0;273,66;0,4;0;0;270,95;0;0;0;269,05;6,2;163;6,1;0;0;56;4,687;40,75;0,02;43,2;0,630196937;1760,4;
5,229;315,06;0;0;0;0;0;0;276,31;0;0;0;273,66;0,4;0;0;270,95;0;0;0;269;7;184;7;0;0;59;5,374;46;0,02;43,2;0,630196937;1987,2;
5,229;315,05;0;0;0;0;0;0;276,31;0;0;0;273,66;0,4;0;0;270,95;0;0;0;268,94;7,2;184;7,1;0;0;60;5,603;46;0,02;43,2;0,630196937;1987,2;
5,231;315,06;0;0;0;0;0;0;276,31;0;0;0;273,66;0,4;0;0;270,95;0;0;0;268,89;7,1;181;7,1;0;0;60;5,603;45,25;0,02;40,63;0,592706054;1838,51;
5,231;315,05;0;0;0;0;0;0;276,3;0;0;0;273,66;0,4;0;0;270,95;0;0;0;268,82;7,1;178;7,1;0;0;60;5,603;44,5;0,02;40,63;0,592706054;1808,04;
5,242;315,05;0;0;0;0;0;0;276,3;0;0;0;273,66;0,4;0;0;270,95;0;0;0;268,75;7,1;172;7,1;0;0;60;5,603;43;0,02;40,63;0,592706054;1747,09;
5,218;315,06;0;0;0;0;0;0;276,3;0;0;0;273,66;0,4;0;0;270,95;0;0;0;268,68;7;171;7;0;0;60;5,603;42,75;0,02;40,63;0,592706054;1736,93;
5,195;315,06;0;0;0;0;0;0;276,3;0;0;0;273,66;0,4;0;0;270,95;0;0;0;268,62;7;164;7;0;0;60;5,603;41;0,02;35,98;0,524872356;1475,18;
5,195;315,07;0;0;0;0;0;0;276,3;0;0;0;273,66;0,4;0;0;270,95;0;0;0;268,55;7;158;7;0;0;60;5,603;39,5;0,02;35,98;0,524872356;1421,21;
5,206;315,07;0;0;0;0;0;0;276,29;0;0;0;273,66;0,4;0;0;270,95;0;0;0;268,49;6,9;154;6,9;0;0;59;5,374;38,5;0,02;35,98;0,524872356;1385,23;
5,218;315,06;0;0;0;0;0;0;276,29;0;0;0;273,66;0,4;0;0;270,95;0;0;0;268,42;6,8;148;6,8;0;0;59;5,374;37;0,01;35,98;0,524872356;1331,26;
5,218;315,07;0;0;0;0;0;0;276,28;0;0;0;273,66;0,4;0;0;270,95;0;0;0;268,36;6,8;148;6,8;0;0;58;5,145;37;0,01;38,46;0,561050328;1423,02;
5,361;315,06;0;0;0;0;0;0;276,28;0;0;0;273,66;0,4;0;0;270,95;0;0;0;268,29;6,8;141;6,8;0;0;58;5,145;35,25;0,01;38,46;0,561050328;1355,72;
5,508;315,07;0;0;0;0;0;0;276,28;0;0;0;273,66;0,4;0;0;270,95;0;0;0;268,23;6,9;140;6,9;0;0;58;5,145;35;0,01;38,46;0,561050328;1346,1;
5,506;315,07;0;0;0;0;0;0;276,28;0;0;0;273,66;0,4;0;0;270,95;0;0;0;268,17;7,1;138;7,1;0;0;59;5,374;34,5;0,01;38,46;0,561050328;1326,87;
5,506;315,07;0;0;0;0;0;0;276,27;0;0;0;273,66;0,4;0;0;270,95;0;0;0;268,12;7,2;134;7,2;0;0;59;5,374;33,5;0,01;45,02;0,6567469;1508,17;
5,505;315,07;0;0;0;0;0;0;276,27;0;0;0;273,66;0,4;0;0;270,95;0;0;0;268,06;7,2;130;7,1;0;0;59;5,374;32,5;0,01;45,02;0,6567469;1463,15;
5,505;315,07;0;0;0;0;0;0;276,26;0;0;0;273,66;0,4;0;0;270,95;0;0;0;268;7,1;128;7,1;0;0;59;5,374;32;0,01;45,02;0,6567469;1440,64;
5,482;315,07;0;0;0;0;0;0;276,26;0;0;0;273,66;0,4;0;0;270,95;0;0;0;267,94;7,1;124;7,1;0;0;59;5,374;31;0,01;45,02;0,6567469;1395,62;
5,482;315,07;0;0;0;0;0;0;276,26;0;0;127;273,66;0,4;0;0;270,95;0;56;0;267,89;7,1;120;7,1;0;0;58;5,145;75,57;0,03;51,98;0,758278629;3927,88;
5,482;315,07;13,6;0;4488;0;13,6;0;276,33;11,1;99;65;273,66;0,4;0;0;271,03;8,9;171;0;267,83;7,1;117;7,1;0;0;58;5,145;1234,84;0,49;51,98;0,758278629;64186,74;
5,482;315,06;13,6;0;4419;0;13,6;0;276,3;10,6;95;54;273,66;0,4;0;0;271,07;17,1;164;0;267,81;7,1;120;7,1;0;0;58;5,145;1213,07;0,49;51,98;0,758278629;63055,22;
5,622;315,07;13,6;0;4426;0;13,6;0;276,37;10,6;86;70;273,66;0,4;0;0;271,05;8,9;169;0;267,83;6,3;108;6,3;0;0;58;5,145;1214,85;0,49;51,98;0,758278629;63147,8;
5,726;315,06;13,6;0;4429;0;13,6;0;276,42;10,7;97;86;273,66;0,4;0;0;271,08;11,2;183;0;267,89;5,8;98;5,8;0;0;53;4;1223,31;0,49;61,08;0,891028446;74719,48;
5,87;315,06;13,6;0;4439;0;13,6;0;276,44;12,1;94;87;273,66;0,4;0;0;271,08;13,2;202;0;267,98;5,5;96;5,5;0;0;52;3,771;1229,57;0,49;61,08;0,891028446;75101,84;
5,828;315,05;13,6;0;4426;0;13,6;0;276,47;12,1;95;88;273,66;0,4;0;0;271,08;13,1;203;0;268,08;5,5;100;5,5;0;0;52;3,771;1227,96;0,49;61,08;0,891028446;75003,55;
5,826;315,06;13,6;0;4459;0;13,6;0;276,48;12,7;98;93;273,66;0,4;0;0;271,06;12,9;201;0;268,2;5,8;114;5,7;0;0;53;4;1241,1;0,5;61,08;0,891028446;75806,31;
5,826;315,05;13,6;0;4413;0;13,6;0;276,48;13,1;103;92;273,66;0,4;0;0;271,06;12,9;199;0;268,31;6;127;5,9;0;0;54;4,229;1233,66;0,49;62,99;0,91889132;77708,42;
5,77;315,05;13,6;0;4429;0;13,6;0;276,48;13,4;107;94;273,66;0,4;0;0;271,07;12,9;195;0;268,42;6,8;155;6,7;0;0;57;4,916;1245,28;0,5;62,99;0,91889132;78439,89;
5,769;315,05;13,6;0;4449;0;13,6;0;276,47;13,5;106;95;273,66;0,4;0;0;271,08;13,5;188;0;268,51;7,1;167;7,1;0;0;59;5,374;1251,33;0,5;62,99;0,91889132;78820,98;
5,713;315,04;13,6;0;4459;0;13,6;0;276,46;13,3;104;95;273,66;0,4;0;0;271,07;13,2;180;0;268,61;7,1;175;7,1;0;0;60;5,603;1253,21;0,5;62,99;0,91889132;78939,61;
5,869;315,04;13,6;0;4452;0;13,6;0;276,45;13,1;103;95;273,66;0,4;0;0;271,06;12,6;170;0;268,7;7,2;179;7,1;0;0;60;5,603;1249,76;0,5;62,52;0,912035011;78134,75;
5,943;315,04;13,6;0;4459;0;13,6;0;276,45;12,9;104;95;273,66;0,4;0;0;271,07;12,9;168;0;268,78;7,1;180;7,1;0;0;60;5,603;1251,32;0,5;62,52;0,912035011;78232,5;
6,239;315,04;13,6;0;4429;0;13,6;0;276,45;13,1;104;95;273,66;0,4;0;0;271,07;12,9;160;0;268,88;7,1;188;7,1;0;0;60;5,603;1243,92;0,5;62,52;0,912035011;77770,06;
6,526;315,04;13,6;0;4455;0;13,6;0;276,44;13,1;104;94;273,66;0,4;0;0;271,07;12,8;153;0;268,97;7,1;191;7,1;0;0;60;5,603;1249,22;0,5;62,52;0,912035011;78101,24;
6,362;315,02;13,6;0;4439;0;13,6;0;276,44;12,9;100;96;273,66;0,4;0;0;271,07;12,7;145;0;269,05;7,1;202;7,1;0;0;60;5,603;1245,57;0,5;61,7;0,900072939;76851,9;
6,681;315,03;13,6;0;4482;0;13,6;0;276,43;12,7;98;96;273,66;0,4;0;0;271,08;12,8;135;0;269,12;7,7;206;7;0;0,6;60;5,603;1253,97;0,5;61,7;0,900072939;77370,07;
6,812;315,03;13,6;0;4452;0;13,6;0;276,43;12,7;96;95;273,66;0,4;0;0;271,07;12,3;126;0;269,18;8,6;209;7;0;1,6;63;6,29;1244,43;0,5;61,7;0,900072939;76781,31;
6,856;315,01;13,6;0;4410;0;13,6;0;276,44;12,6;98;95;273,66;0,5;0;0;271,06;12,5;119;0;269,24;9,4;213;7;0;2,4;66;6,976;1233,68;0,49;61,7;0,900072939;76118,2;
6,778;315,02;13,6;0;4462;0;13,6;0;276,45;12,8;99;95;273,66;0,5;0;0;271,06;12,6;117;0;269,28;9,4;211;7,1;0;2,4;68;7,434;1245,74;0,5;61,19;0,892633115;76226,98;
6,778;315,01;13,6;0;4468;0;13,6;0;276,45;12,7;99;93;273,66;0,5;0;0;271,08;12,7;112;0;269,33;9,5;220;7,1;0;2,4;68;7,434;1248,02;0,5;61,19;0,892633115;76366,63;
7,12;315,01;13,6;0;4442;0;13,6;0;276,46;12,6;100;93;273,66;0,5;0;0;271,09;12,4;109;0;269,36;9,5;224;7,1;0;2,4;68;7,434;1241,8;0,5;61,19;0,892633115;75985,54;
7,209;315,01;13,6;0;4426;0;13,6;0;276,46;12,8;100;95;273,66;0,5;0;0;271,09;12,5;104;0;269,41;9,5;225;7,1;0;2,4;68;7,434;1237,43;0,5;61,19;0,892633115;75718,62;
7,182;315,01;13,6;0;4403;0;13,6;0;276,47;13,2;102;96;273,66;0,5;0;0;271,09;12,4;100;0;269,45;9,6;224;7,1;0;2,4;68;7,434;1231,17;0,49;59,34;0,865645514;73057,86;
7,182;315,01;13,6;0;4455;0;13,6;0;276,47;13,3;105;95;273,66;0,5;0;0;271,1;12,3;93;0;269,48;9,6;233;7,1;0;2,4;69;7,663;1245,23;0,5;59,34;0,865645514;73891,72;
7,528;315,01;13,6;0;4419;0;13,6;0;276,46;13,4;105;95;273,66;0,5;0;0;271,09;13,1;82;0;269,53;9,6;233;7,1;0;2,5;69;7,663;1233,61;0,49;59,34;0,865645514;73202,34;
7,225;315,01;13,6;0;4452;0;13,6;0;276,46;13,1;104;95;273,66;0,8;0;0;271,06;11,7;71;0;269,58;9,6;239;7,1;0;2,5;69;7,663;1240,22;0,5;59,34;0,865645514;73594,36;
7,203;315;13,6;0;4439;0;13,6;0;276,45;13;105;94;273,66;0,8;0;0;271,04;11;64;0;269,63;9,7;243;7,1;0;2,5;69;7,663;1236,17;0,49;55,55;0,810357403;68669,02;
7,116;314,99;13,6;0;4432;0;13,6;0;276,44;13,3;103;97;273,66;0,8;0;0;271,03;10,9;58;0;269,68;9,1;242;7,1;0;1,9;68;7,434;1233,04;0,49;55,55;0,810357403;68495,48;
6,734;314,99;13,6;0;4449;0;13,6;0;276,44;13;101;99;273,66;0,8;0;0;271,03;10,1;55;0;269,72;8,6;253;7,2;0;1,4;67;7,205;1238,95;0,5;55,55;0,810357403;68823,51;
6,358;314,99;13,6;0;4419;0;13,6;0;276,43;12,7;100;95;273,66;0,8;0;0;271,05;10,2;51;0;269,77;7,9;244;7,2;0;0,7;67;7,205;1227,2;0,49;55,55;0,810357403;68170,77;
6,358;314,98;13,6;0;4465;0;13,6;0;276,43;12,7;99;95;273,66;0,7;0;0;271,07;10,4;45;0;269,82;7,8;255;7;0;0,7;64;6,518;1239,62;0,5;49,97;0,728956966;61943,58;
6,437;314,98;13,6;0;4406;0;13,6;0;276,43;12,7;97;95;273,66;0,7;0;0;271,08;10,3;41;0;269,88;7,2;248;7,2;0;0;64;6,518;1221,7;0,49;49,97;0,728956966;61048,2;
6,35;314,98;13,6;0;4465;0;13,6;0;276,44;12,5;97;95;273,66;0,7;0;0;271,1;9,9;37;0;269,93;7,1;261;7;0;0;64;6,518;1238,74;0,5;49,97;0,728956966;61900,06;
6,333;314,98;13,6;0;4413;0;13,6;0;276,45;12,6;98;95;273,66;0,7;0;0;271,12;10,6;12;0;269,99;6,7;252;6,7;0;0;61;5,831;1217,66;0,49;49,97;0,728956966;60846,23;
6,688;314,98;13,6;0;4416;0;13,6;0;276,45;12,7;98;95;273,66;0,7;0;0;271,14;12,4;0;0;270,04;6,4;247;6,4;0;0;61;5,831;1213,89;0,49;49,05;0,715536105;59541,16;
6,776;314,96;13,6;0;4432;0;13,6;0;276,46;12,8;98;94;273,66;0,7;0;0;271,12;13,1;0;0;270,13;6,1;226;6;0;0;59;5,374;1212,53;0,49;49,05;0,715536105;59474,49;
6,691;314,96;13,7;0;4446;0;13,7;0;276,46;13;99;94;273,66;0,7;0;0;271,1;12,3;0;0;270,2;5,8;222;5,8;0;0;58;5,145;1215,42;0,49;49,05;0,715536105;59616,4;
6,334;314,96;13,6;0;4452;0;13,6;0;276,46;12,8;102;94;273,66;0,7;0;0;271,08;12,5;0;0;270,27;5,4;213;5,4;0;0;58;5,145;1215,4;0,49;49,05;0,715536105;59615,2;
6,249;314,96;13,6;0;4459;0;13,6;0;276,47;13,2;17;29;273,66;0,7;0;0;271,07;12,3;0;0;270,35;5,1;207;5,1;0;0;56;4,687;1178,07;0,47;48,69;0,710284464;57360,36;
6,118;314,96;0;0;0;0;0;0;276,42;0;0;0;273,66;0,9;0;0;271,05;1,7;0;0;270,44;4,9;206;4,9;0;0;55;4,458;51,5;0,02;48,69;0,710284464;2507,54;
6,353;314,96;0;0;0;0;0;0;276,42;0;0;0;273,65;1,1;0;0;271,02;0;0;0;270,44;4,7;197;4,7;0;0;55;4,458;49,25;0,02;48,69;0,710284464;2397,98;
6,558;314,96;0;0;0;0;0;0;276,4;0;0;0;273,65;1;0;0;270,98;0;0;0;270,41;4,5;187;4,4;0;0;55;4,458;46,75;0,02;48,69;0,710284464;2276,26;
6,579;314,96;0;0;0;0;0;0;276,41;0;0;0;273,64;0,9;0;0;270,98;0;0;0;270,38;4,3;178;4,3;0;0;53;4;44,5;0,02;58,92;0,8595186;2621,94;
6,579;314,96;0;0;0;0;0;0;276,4;0;0;0;273,64;0,9;0;0;270,99;0;0;0;270,35;4,1;164;4;0;0;53;4;41;0,02;58,92;0,8595186;2415,72;
6,727;314,96;0;0;0;0;0;0;276,4;0;0;0;273,64;0,8;0;0;271;0;0;0;270,32;3,9;155;3,9;0;0;52;3,771;38,75;0,02;58,92;0,8595186;2283,15;
6,67;314,96;0;0;0;0;0;0;276,39;0;0;0;273,63;0,8;0;0;270,99;0;0;0;270,29;3,7;144;3,6;0;0;51;3,542;36;0,01;58,92;0,8595186;2121,12;
6,306;314,97;0;0;0;0;0;0;276,39;0;0;0;273,63;0,7;0;0;270,99;0;0;0;270,27;3,5;135;3,5;0;0;51;3,542;33,75;0,01;65,13;0,950109409;2198,14;
5,943;314,97;0;0;0;0;0;0;276,39;0;0;0;273,63;0,7;0;0;270,98;0,2;0;0;270,24;3,3;125;3,3;0;0;51;3,542;31,25;0,01;65,13;0,950109409;2035,31;
6,077;314,96;0;0;0;0;0;0;276,39;0;0;0;273,63;0;0;0;270,97;0,1;0;0;270,22;3,2;117;3,2;0;0;49;3,084;29,25;0,01;65,13;0,950109409;1905,05;
5,962;314,97;0;0;0;0;0;0;276,38;0;0;0;273,63;0;0;0;270,97;0,1;0;0;270,21;3;108;3;0;0;49;3,084;27;0,01;65,13;0,950109409;1758,51;
5,98;314,97;0;0;0;0;0;0;276,38;0;0;0;273,63;0;0;0;270,96;0,1;0;0;270,18;2,9;99;2,8;0;0;48;2,855;24,75;0,01;65,02;0,948504741;1609,25;
6,134;314,97;0;0;0;0;0;0;276,38;0;0;0;273,63;0;0;0;270,96;0,1;0;0;270,17;2,7;91;2,7;0;0;48;2,855;22,75;0,01;65,02;0,948504741;1479,21;
6,134;314,97;0;0;0;0;0;0;276,38;0;0;0;273,63;0;0;0;270,96;0,1;0;0;270,15;2,6;87;2,6;0;0;46;2,398;21,75;0,01;65,02;0,948504741;1414,19;
6,134;314,97;0;0;0;0;0;0;276,38;0;0;0;273,63;0,1;0;0;270,96;0;0;0;270,13;2,5;80;2,5;0;0;45;2,168;20;0,01;65,02;0,948504741;1300,4;
5,937;314,97;0;0;0;0;0;0;276,38;0;0;0;273,64;0,1;0;0;270,95;0;0;0;270,12;2,4;77;2,3;0;0;45;2,168;19,25;0,01;60,1;0,876732312;1156,93;
6,009;314,97;0;0;0;0;0;0;276,38;0;0;0;273,64;0,1;0;0;270,95;0;0;0;270,1;2,2;70;2,2;0;0;45;2,168;17,5;0,01;60,1;0,876732312;1051,75;
5,92;314,98;0;0;0;0;0;0;276,38;0;0;0;273,64;0,1;0;0;270,95;0;0;0;270,09;2,1;65;2,1;0;0;43;1,83;16,25;0,01;60,1;0,876732312;976,63;
6,191;314,99;0;0;0;0;0;0;276,38;0;0;0;273,64;0,2;0;0;270,95;0;0;0;270,07;2;61;2;0;0;42;1,72;15,25;0,01;60,1;0,876732312;916,53;
6,461;314,99;0;0;0;0;0;0;276,38;0;0;0;273,64;0,2;0;0;270,95;0;0;0;270,06;1,9;60;1,9;0;0;42;1,72;15;0,01;53,03;0,773595915;795,45;
6,811;314,99;0;0;0;0;0;0;276,38;0;0;0;273,65;0,2;0;0;270,95;0;0;0;270,04;1,8;59;1,7;0;0;42;1,72;14,75;0,01;53,03;0,773595915;782,19;
7,161;314,99;0;0;0;0;0;0;276,37;0;0;0;273,65;0,2;0;0;270,95;0;0;0;270,03;1,8;58;1,7;0;0;40;1,5;14,5;0,01;53,03;0,773595915;768,94;
7,431;314,99;0;0;0;0;0;0;276,37;0;0;0;273,65;0,2;0;0;270,95;0;0;0;270,02;1,8;58;1,8;0;0;40;1,5;14,5;0,01;53,03;0,773595915;768,94;
7,415;314,99;0;0;0;0;0;0;276,37;0;0;0;273,65;0,3;0;0;270,95;0;0;0;270;1,9;57;1,9;0;0;41;1,61;14,25;0,01;56,28;0,821006565;801,99;
7,322;314,99;0;0;0;0;0;0;276,37;0;0;0;273,65;0,3;0;0;270,95;0;0;0;269,99;1,9;57;1,9;0;0;41;1,61;14,25;0,01;56,28;0,821006565;801,99;
7,392;314,99;0;0;0;0;0;0;276,36;0;0;0;273,65;0,3;0;0;270,95;0;0;0;269,98;1,9;57;1,9;0;0;41;1,61;14,25;0,01;56,28;0,821006565;801,99;
7,392;314,99;0;0;0;0;0;0;276,36;0;0;0;273,66;0,3;0;0;270,95;0;0;0;269,96;2,1;58;2;0;0;41;1,61;14,5;0,01;56,28;0,821006565;816,06;
7,392;314,99;0;0;0;0;0;0;276,36;0;0;0;273,66;0,3;0;0;270,95;0;0;0;269,95;2,1;61;2,1;0;0;41;1,61;15,25;0,01;53;0,773158279;808,25;
7,394;315;0;0;0;0;0;0;276,35;0;0;0;273,66;0,3;0;0;270,96;0,1;0;0;269,93;2,2;65;2,2;0;0;41;1,61;16,25;0,01;53;0,773158279;861,25;
7,316;315;0;0;0;0;0;0;276,35;0;0;0;273,66;0,4;0;0;270,96;0,1;0;0;269,92;2,2;65;2,2;0;0;43;1,83;16,25;0,01;53;0,773158279;861,25;
7,325;315;0;0;0;0;0;0;276,34;0;0;0;273,66;0,4;0;0;270,96;0,1;0;0;269,91;2,3;65;2,2;0;0;43;1,83;16,25;0,01;53;0,773158279;861,25;
